0.255060 0.244755 0.275667 0.254260 0.228654 0.264565 0.302287 0.288042 0.222048 0.199628 0.225372 0.252025 0.157455 0.241805 0.200840 0.221528 0.229217 0.238535 0.267886 0.293394 0.246870 0.307037 0.226195 0.267350 0.289985 0.258240 0.225456 0.219135 0.238601 0.266730 0.218663 0.251925 0.255294 0.284798 0.273387 0.280790 0.242338 0.265363 0.304103 0.334814 0.227179 0.340687 0.336669 0.316893 0.299115 0.278949 0.352850 0.375997 0.372720 0.356316 0.321026 0.261353 0.312372 0.341555 0.266362 0.336131 0.339753 0.352411 0.278973 0.301375 0.311612 0.283209 0.400203 0.311108 0.344103 0.320286 0.393340 0.381884 0.353178 0.238197 0.326651 0.349906 0.360485 0.293181 0.388176 0.259733 0.283224 0.344133 0.305674 0.380751 0.305127 0.269201 0.276403 0.244891 0.234534 0.308051 0.303377 0.329324 0.244893 0.340308 0.259052 0.331467 0.249264 0.235381 0.273155 0.302921 0.266733 0.235626 0.204274 0.200849 0.276111 0.294784 0.247907 0.210872 0.288212 0.201587 0.223856 0.276852 0.161688 0.266875 0.227921 0.255359 0.247791 0.258761 0.278323 0.220121 0.307211 0.279346 0.283994 0.296792 0.281662 0.283890 0.253125 0.193010 0.244662 0.219270 0.193130 0.260369
0.227291 0.208849 0.208333 0.260804 0.264432 0.303005 0.249577 0.291841 0.306299 0.296265 0.155707 0.299540 0.264066 0.267538 0.265563 0.266174 0.263819 0.236896 0.175433 0.247430 0.219973 0.295716 0.241407 0.256810 0.220074 0.234301 0.255020 0.196919 0.269318 0.254116 0.212117 0.164930 0.282827 0.251985 0.244415 0.258042 0.342168 0.269687 0.277461 0.216975 0.344951 0.318489 0.327319 0.289510 0.327325 0.308629 0.321508 0.294118 0.244488 0.347823 0.232455 0.303374 0.307812 0.277176 0.346160 0.316185 0.309078 0.349469 0.311477 0.387688 0.347480 0.315432 0.257297 0.283090 0.378874 0.333043 0.323080 0.399152 0.280823 0.307114 0.309771 0.350006 0.297656 0.297098 0.254685 0.345167 0.345217 0.290799 0.313202 0.251738 0.281333 0.352098 0.299220 0.383073 0.256115 0.307853 0.273969 0.301691 0.276169 0.251548 0.236974 0.392151 0.264394 0.184949 0.237944 0.289426 0.240858 0.313963 0.298454 0.251197 0.237445 0.215290 0.226727 0.195132 0.301647 0.316585 0.202264 0.204854 0.181046 0.212945 0.126999 0.205351 0.302741 0.236887 0.284770 0.230922 0.320819 0.258288 0.234978 0.352305 0.237189 0.201285 0.258183 0.248531 0.292720 0.213188 0.282230 0.284142
0.223327 0.256574 0.216826 0.343903 0.221924 0.231990 0.207508 0.236332 0.249985 0.280984 0.225917 0.242983 0.193847 0.217523 0.360984 0.292561 0.219842 0.197824 0.212557 0.251016 0.253626 0.222871 0.201654 0.310554 0.272345 0.239999 0.246952 0.235496 0.140243 0.263438 0.217241 0.221340 0.237360 0.293933 0.219639 0.211064 0.296160 0.303028 0.236938 0.300386 0.268966 0.295563 0.236079 0.322955 0.340991 0.321645 0.321858 0.152034 0.316763 0.308720 0.307213 0.291159 0.321782 0.339106 0.314963 0.309683 0.379889 0.288721 0.376108 0.343649 0.305768 0.327377 0.302874 0.367028 0.353941 0.317402 0.294888 0.350009 0.374872 0.330349 0.349670 0.315658 0.330919 0.313863 0.334383 0.259176 0.342149 0.303898 0.324082 0.292726 0.315739 0.256622 0.343728 0.224719 0.248070 0.295945 0.342025 0.291757 0.267974 0.218292 0.265202 0.269770 0.336058 0.291346 0.203477 0.344042 0.245646 0.224884 0.317804 0.255695 0.241981 0.264530 0.288777 0.294011 0.198651 0.333057 0.290520 0.237069 0.219137 0.212819 0.256255 0.225178 0.220316 0.283202 0.265201 0.234724 0.279784 0.305032 0.206493 0.226088 0.287881 0.278899 0.259181 0.296586 0.206542 0.190890 0.215383 0.254936
0.218193 0.230557 0.211059 0.225257 0.209903 0.264817 0.281945 0.230968 0.241941 0.227046 0.271604 0.253998 0.314300 0.206833 0.265292 0.268719 0.236740 0.274732 0.194123 0.336736 0.198674 0.289579 0.208439 0.299889 0.239115 0.261584 0.258220 0.301062 0.245233 0.140593 0.230196 0.269405 0.246043 0.296213 0.307950 0.263506 0.212075 0.329437 0.319965 0.267408 0.366595 0.271341 0.242978 0.285516 0.338256 0.261123 0.380211 0.269882 0.347515 0.334697 0.310293 0.363138 0.263280 0.380792 0.326989 0.310684 0.364963 0.379749 0.370216 0.421168 0.385853 0.395055 0.322856 0.349081 0.367339 0.343741 0.355781 0.359668 0.374957 0.335360 0.323361 0.301864 0.296712 0.376434 0.323108 0.354750 0.268023 0.238929 0.270955 0.355204 0.348467 0.315444 0.266534 0.289911 0.279840 0.274664 0.185053 0.247946 0.271772 0.337300 0.280500 0.327696 0.253669 0.257230 0.109443 0.282195 0.283940 0.331149 0.239810 0.261861 0.228812 0.209036 0.226723 0.240706 0.308071 0.253372 0.221165 0.258031 0.260687 0.224615 0.297120 0.175623 0.242418 0.277395 0.197114 0.264984 0.302152 0.268501 0.182681 0.221104 0.299478 0.262082 0.249724 0.267742 0.278917 0.221720 0.238430 0.255753
0.228280 0.244710 0.301977 0.211366 0.327166 0.325299 0.181619 0.244555 0.263951 0.219867 0.220730 0.240962 0.280129 0.230232 0.323901 0.262609 0.247115 0.309434 0.276802 0.266859 0.239234 0.325492 0.285928 0.245919 0.191653 0.270440 0.210655 0.188763 0.247352 0.271025 0.312453 0.273986 0.296618 0.217192 0.267344 0.275402 0.307285 0.279973 0.310201 0.260746 0.298271 0.303738 0.240486 0.300958 0.284692 0.225003 0.343230 0.294188 0.278350 0.301121 0.325463 0.383895 0.320472 0.349391 0.388644 0.358037 0.382190 0.322866 0.374948 0.343643 0.390450 0.308480 0.318214 0.400534 0.341942 0.335038 0.351725 0.319894 0.399240 0.294140 0.335903 0.353325 0.332518 0.301609 0.295759 0.344125 0.282359 0.345785 0.255248 0.290246 0.310115 0.254808 0.327247 0.296765 0.252494 0.229721 0.224520 0.285994 0.234641 0.223443 0.266081 0.363895 0.281535 0.298762 0.274736 0.295696 0.208964 0.243933 0.270220 0.257802 0.249721 0.229770 0.245186 0.223773 0.157182 0.205675 0.271959 0.314762 0.324631 0.255621 0.287199 0.287537 0.223319 0.182916 0.251921 0.180074 0.237661 0.274698 0.193499 0.251535 0.299796 0.264617 0.271018 0.286369 0.319397 0.256119 0.299229 0.247471
0.228193 0.262644 0.225833 0.227157 0.225795 0.158314 0.254385 0.199652 0.245965 0.308316 0.229552 0.228802 0.305147 0.272573 0.289938 0.236850 0.281204 0.224092 0.224801 0.276045 0.228672 0.283768 0.349301 0.186818 0.224897 0.300612 0.250932 0.304226 0.218554 0.273523 0.255705 0.268956 0.278362 0.218263 0.226219 0.327455 0.285697 0.280888 0.277718 0.296767 0.239462 0.249094 0.344740 0.302249 0.333964 0.279574 0.362788 0.325493 0.334909 0.341571 0.291654 0.252736 0.288086 0.399858 0.390036 0.327281 0.331984 0.388122 0.342214 0.298931 0.403112 0.372786 0.253858 0.342393 0.360668 0.373762 0.359784 0.327061 0.346271 0.360742 0.335938 0.329175 0.391241 0.300144 0.320659 0.249827 0.349004 0.356665 0.341561 0.352367 0.329310 0.321420 0.322758 0.289260 0.343731 0.278617 0.230561 0.319691 0.356533 0.241075 0.272569 0.246551 0.256262 0.271028 0.217391 0.254011 0.204702 0.238998 0.212826 0.216594 0.188985 0.305509 0.276168 0.178287 0.230391 0.226816 0.225446 0.194731 0.282371 0.236007 0.270264 0.272351 0.306079 0.178282 0.320265 0.301343 0.273405 0.345736 0.258517 0.283115 0.220669 0.295539 0.256844 0.232056 0.334760 0.237873 0.250405 0.242149
0.219815 0.271305 0.279605 0.264262 0.155686 0.290458 0.236164 0.201563 0.274400 0.272848 0.208689 0.349404 0.202236 0.181437 0.204754 0.307947 0.244311 0.236734 0.249448 0.228442 0.225128 0.227591 0.282135 0.295298 0.213034 0.265669 0.288604 0.214905 0.239307 0.219266 0.210679 0.268090 0.236436 0.293171 0.268978 0.289077 0.263489 0.252581 0.277345 0.283949 0.259271 0.308095 0.324576 0.304858 0.371018 0.281228 0.331462 0.298452 0.328366 0.289945 0.371859 0.338319 0.382868 0.288274 0.322719 0.310065 0.327530 0.323842 0.349133 0.355315 0.356034 0.336722 0.367294 0.395252 0.324136 0.359833 0.355980 0.376408 0.353450 0.353328 0.311903 0.349676 0.308892 0.363088 0.334789 0.336773 0.295630 0.359404 0.350835 0.353441 0.403897 0.308537 0.354657 0.297525 0.314298 0.309326 0.301614 0.313836 0.271992 0.282609 0.299394 0.345095 0.238878 0.197909 0.248563 0.269479 0.271015 0.266009 0.308100 0.298452 0.256205 0.238293 0.242259 0.240985 0.245456 0.190911 0.234798 0.235743 0.244751 0.241762 0.278497 0.230067 0.233572 0.272599 0.241345 0.259279 0.277280 0.267291 0.260340 0.242411 0.277492 0.257195 0.229944 0.244077 0.201362 0.211606 0.174737 0.222845
0.303466 0.227797 0.281573 0.249953 0.222093 0.303676 0.273470 0.180155 0.291939 0.207358 0.243316 0.277256 0.238657 0.295553 0.281417 0.188096 0.232515 0.262980 0.229031 0.243770 0.284866 0.266072 0.217182 0.261687 0.231007 0.207795 0.212225 0.270060 0.258753 0.261542 0.217084 0.257355 0.225184 0.231761 0.264551 0.218358 0.303202 0.378847 0.300864 0.244130 0.278521 0.230852 0.281829 0.321239 0.328661 0.268059 0.325616 0.364277 0.392611 0.298745 0.296524 0.337492 0.222286 0.322094 0.336214 0.332152 0.290362 0.346769 0.328055 0.391570 0.326284 0.353062 0.355934 0.388406 0.263867 0.351627 0.394740 0.348556 0.300194 0.372183 0.370059 0.342897 0.304134 0.317426 0.330785 0.304389 0.258509 0.300320 0.324307 0.302125 0.314998 0.316997 0.345192 0.393239 0.330217 0.240761 0.186791 0.285590 0.288701 0.236036 0.290253 0.245754 0.289800 0.258135 0.284715 0.196943 0.247173 0.256989 0.204329 0.335171 0.236951 0.313026 0.229829 0.246299 0.302059 0.266160 0.261083 0.263512 0.197774 0.236448 0.213439 0.259309 0.229411 0.249204 0.247704 0.249197 0.249142 0.224337 0.208190 0.223708 0.293088 0.265148 0.273623 0.305314 0.202914 0.270470 0.207053 0.236671
0.269416 0.314633 0.218789 0.246304 0.296370 0.190560 0.264675 0.237907 0.215028 0.256232 0.274251 0.214074 0.265883 0.257769 0.201341 0.313364 0.295077 0.217382 0.228664 0.283370 0.233197 0.179978 0.296157 0.255283 0.332047 0.271013 0.265429 0.373980 0.253485 0.223804 0.272732 0.310860 0.220879 0.233404 0.290179 0.146955 0.234014 0.312624 0.260628 0.222535 0.368312 0.238749 0.278289 0.288522 0.311099 0.297444 0.313517 0.323639 0.322473 0.334253 0.239891 0.357121 0.287594 0.261223 0.407042 0.304010 0.365971 0.330889 0.337304 0.386046 0.326608 0.384842 0.386103 0.417926 0.357900 0.412739 0.438762 0.432005 0.390143 0.382409 0.475770 0.448064 0.324765 0.388733 0.371967 0.346663 0.345611 0.354560 0.368017 0.334691 0.334931 0.372442 0.324933 0.329574 0.343041 0.364554 0.344252 0.306378 0.295907 0.235153 0.292487 0.236234 0.233888 0.298208 0.265711 0.286372 0.240351 0.311612 0.267628 0.307868 0.285938 0.264399 0.237574 0.257026 0.288052 0.282108 0.205743 0.294042 0.243983 0.284740 0.223880 0.276995 0.219364 0.256188 0.238913 0.239260 0.227894 0.244310 0.180742 0.285360 0.288706 0.232480 0.194962 0.224252 0.288000 0.275096 0.238045 0.285937
0.208389 0.225556 0.269063 0.246263 0.226557 0.149674 0.277048 0.263198 0.180594 0.274398 0.249901 0.261738 0.288524 0.221278 0.279605 0.278641 0.282013 0.317303 0.278581 0.230198 0.325095 0.209445 0.235894 0.216589 0.251932 0.300325 0.310074 0.277972 0.236480 0.240301 0.240085 0.304282 0.232060 0.305261 0.271947 0.282921 0.339518 0.263266 0.352199 0.233017 0.260277 0.234198 0.271710 0.329306 0.340049 0.327475 0.330637 0.277823 0.276504 0.346535 0.393034 0.329199 0.297521 0.291246 0.329438 0.423662 0.355677 0.325629 0.345545 0.352948 0.384840 0.349278 0.341067 0.369640 0.395907 0.405347 0.397700 0.355915 0.304486 0.337984 0.378510 0.310641 0.370585 0.333065 0.329291 0.393044 0.352513 0.393932 0.296809 0.374807 0.361119 0.200153 0.311673 0.372229 0.337113 0.283929 0.288022 0.241145 0.297647 0.214003 0.241668 0.323815 0.275217 0.258714 0.266443 0.377997 0.307576 0.233188 0.329116 0.257304 0.289020 0.234697 0.219522 0.288119 0.224413 0.223151 0.289651 0.206677 0.195890 0.274034 0.173469 0.221483 0.236661 0.197250 0.206178 0.277351 0.262283 0.212647 0.271564 0.311082 0.198953 0.252650 0.329225 0.274573 0.282635 0.242073 0.218143 0.295783
0.276200 0.248004 0.231469 0.180196 0.256369 0.222498 0.244935 0.277100 0.283125 0.279163 0.340700 0.297217 0.220907 0.218183 0.344238 0.224814 0.249859 0.321747 0.320949 0.250600 0.262986 0.188508 0.218276 0.240801 0.256100 0.244434 0.264638 0.347583 0.279939 0.275379 0.264954 0.260052 0.318500 0.232001 0.269320 0.233432 0.283900 0.288559 0.324230 0.339154 0.321823 0.364449 0.367546 0.321237 0.328320 0.240818 0.336051 0.328067 0.265778 0.321090 0.381608 0.298621 0.404601 0.376391 0.352542 0.359980 0.402542 0.315397 0.457192 0.345501 0.349443 0.430418 0.414221 0.436153 0.424977 0.397675 0.330531 0.361140 0.385975 0.374874 0.290542 0.411121 0.434919 0.420241 0.316685 0.370321 0.263112 0.410912 0.260750 0.349738 0.374773 0.374895 0.332028 0.256360 0.304576 0.293273 0.314293 0.334811 0.317729 0.372274 0.310239 0.264862 0.342463 0.261763 0.282926 0.276414 0.175199 0.275954 0.274608 0.252977 0.254223 0.207170 0.260666 0.316443 0.248320 0.233725 0.229604 0.333991 0.198576 0.286135 0.256409 0.328461 0.303798 0.247580 0.189256 0.307935 0.308934 0.206301 0.280212 0.218294 0.219214 0.185836 0.287483 0.260977 0.269885 0.308182 0.276810 0.273433
0.280024 0.207485 0.248708 0.201859 0.214142 0.246502 0.292694 0.332602 0.206932 0.257355 0.247684 0.271730 0.274081 0.265454 0.212477 0.267196 0.287393 0.231507 0.331571 0.243517 0.228106 0.265948 0.244519 0.200974 0.255572 0.321535 0.339041 0.237648 0.298101 0.268933 0.276923 0.318404 0.304150 0.278823 0.238317 0.233561 0.279256 0.298300 0.309262 0.324428 0.336573 0.205721 0.342634 0.269428 0.360872 0.334883 0.351842 0.310243 0.348466 0.267731 0.391424 0.339465 0.254064 0.404812 0.433898 0.335962 0.423357 0.348319 0.290691 0.369627 0.399097 0.392997 0.392879 0.401134 0.397940 0.380093 0.363600 0.375419 0.369875 0.369235 0.334191 0.353145 0.374297 0.379204 0.359791 0.350281 0.374077 0.380193 0.369623 0.267164 0.313664 0.354846 0.342033 0.343502 0.323900 0.272355 0.350747 0.243006 0.332580 0.288480 0.226450 0.265971 0.326671 0.251930 0.224226 0.258516 0.234986 0.215544 0.281133 0.293817 0.238261 0.279885 0.242226 0.252629 0.260597 0.314554 0.274396 0.213496 0.273547 0.243597 0.233388 0.218109 0.250359 0.248758 0.234870 0.195138 0.182353 0.255640 0.257550 0.337665 0.243127 0.291076 0.297982 0.247696 0.253182 0.232893 0.321074 0.189716
0.248470 0.305436 0.245783 0.227277 0.259460 0.271262 0.272926 0.261551 0.280359 0.288269 0.206269 0.235513 0.285607 0.270545 0.260600 0.278372 0.289863 0.217813 0.203477 0.206899 0.327964 0.212101 0.245658 0.248498 0.298160 0.188523 0.257774 0.309373 0.307024 0.280621 0.255834 0.338818 0.204097 0.312914 0.296945 0.303452 0.293888 0.295162 0.328136 0.248979 0.249671 0.310687 0.311138 0.320646 0.382925 0.301475 0.360137 0.350961 0.435765 0.290512 0.330189 0.339072 0.415319 0.334637 0.438429 0.440405 0.415119 0.401607 0.325045 0.397286 0.334978 0.379376 0.403133 0.383222 0.433609 0.389842 0.331937 0.349802 0.339044 0.374635 0.434015 0.400725 0.390061 0.320696 0.462200 0.361364 0.454020 0.317332 0.323885 0.445089 0.292583 0.346833 0.311119 0.286772 0.400543 0.268887 0.340087 0.343706 0.254629 0.215016 0.215729 0.251273 0.288717 0.290036 0.266113 0.266763 0.307472 0.296998 0.279398 0.237749 0.291900 0.266593 0.228142 0.233841 0.305063 0.328856 0.233089 0.170494 0.276544 0.216424 0.281435 0.236738 0.340657 0.255706 0.287115 0.202218 0.137897 0.255957 0.260919 0.279167 0.228133 0.198555 0.186162 0.272270 0.278526 0.215060 0.228949 0.220928
0.174250 0.258039 0.283935 0.241186 0.193252 0.242257 0.304816 0.335494 0.261135 0.218902 0.171145 0.188861 0.247301 0.260076 0.261536 0.241019 0.190127 0.189171 0.258561 0.220198 0.305971 0.196112 0.322749 0.229519 0.266151 0.267339 0.245998 0.180737 0.243683 0.325778 0.215761 0.195647 0.263150 0.258229 0.226085 0.251029 0.265487 0.272078 0.299229 0.325367 0.317212 0.320262 0.378876 0.360754 0.205867 0.313431 0.270573 0.311812 0.375984 0.342835 0.339417 0.414782 0.307331 0.368888 0.399476 0.383053 0.339750 0.389156 0.425680 0.410497 0.411217 0.412558 0.406846 0.352381 0.389667 0.418672 0.275680 0.428797 0.409704 0.350012 0.360204 0.378127 0.398625 0.362564 0.419320 0.384007 0.330640 0.337705 0.359985 0.374276 0.366578 0.329732 0.333937 0.321377 0.349821 0.272220 0.330706 0.227633 0.315142 0.302967 0.288578 0.199426 0.343801 0.313735 0.275742 0.290253 0.231756 0.287484 0.327283 0.215855 0.368986 0.242282 0.291509 0.224179 0.271795 0.204307 0.228108 0.244634 0.226948 0.243011 0.291267 0.200772 0.203708 0.253153 0.228477 0.210706 0.255980 0.227993 0.263906 0.248781 0.242250 0.247509 0.291120 0.302715 0.243735 0.208896 0.189622 0.160715
0.203022 0.215984 0.247997 0.174903 0.307345 0.292741 0.300056 0.229796 0.260147 0.212586 0.312585 0.202208 0.230348 0.308027 0.350918 0.247936 0.235367 0.152041 0.321202 0.265646 0.178584 0.289516 0.280049 0.242272 0.235224 0.287983 0.269541 0.281239 0.312602 0.313254 0.298152 0.293582 0.221729 0.231180 0.311747 0.308373 0.306967 0.323884 0.272414 0.321744 0.264422 0.311546 0.351523 0.292776 0.403642 0.376707 0.392153 0.334815 0.293717 0.327322 0.383249 0.355813 0.401442 0.383987 0.359476 0.425196 0.446272 0.366858 0.420086 0.408824 0.416197 0.402624 0.357911 0.465018 0.366893 0.373193 0.433040 0.412157 0.370718 0.373307 0.389796 0.374759 0.413688 0.336497 0.392502 0.433808 0.375028 0.325650 0.326344 0.351022 0.318292 0.386653 0.257729 0.391084 0.238851 0.312709 0.265732 0.336784 0.268186 0.249252 0.276669 0.269799 0.205084 0.297187 0.180094 0.319910 0.256968 0.305852 0.241504 0.231818 0.287836 0.236817 0.196874 0.254055 0.201365 0.254977 0.309820 0.292448 0.253393 0.246155 0.239655 0.226434 0.265808 0.245010 0.235822 0.261695 0.169994 0.328852 0.275685 0.194637 0.254913 0.205086 0.228628 0.214353 0.293799 0.173269 0.235901 0.184098
0.249245 0.237372 0.193834 0.307719 0.312702 0.227640 0.271137 0.244372 0.260141 0.311786 0.239872 0.322447 0.239404 0.247395 0.326955 0.262682 0.170741 0.261417 0.201628 0.186956 0.216403 0.267904 0.211192 0.200672 0.242668 0.275336 0.232761 0.210009 0.177211 0.235139 0.302259 0.311113 0.305422 0.269885 0.285415 0.334576 0.253035 0.306547 0.221636 0.328531 0.288233 0.265339 0.348002 0.278374 0.294049 0.396279 0.299143 0.320990 0.326170 0.391138 0.292478 0.421968 0.368070 0.370741 0.352863 0.387875 0.457070 0.410878 0.368675 0.395159 0.432936 0.416875 0.404452 0.439572 0.429832 0.371635 0.336865 0.431577 0.483351 0.373148 0.396724 0.452418 0.463279 0.391339 0.433404 0.407830 0.349720 0.285162 0.323369 0.368270 0.364000 0.320894 0.300498 0.264728 0.255610 0.312204 0.248575 0.305670 0.269320 0.279425 0.376999 0.289712 0.270125 0.273307 0.217950 0.327395 0.304942 0.247206 0.275359 0.237256 0.278118 0.206897 0.269851 0.317909 0.274573 0.232124 0.292851 0.332131 0.282698 0.256792 0.220336 0.269444 0.328564 0.170707 0.290228 0.256843 0.311294 0.245501 0.163952 0.330061 0.203949 0.282272 0.245104 0.248581 0.255635 0.228268 0.257544 0.262370
0.282130 0.255085 0.262854 0.303263 0.214090 0.253021 0.269403 0.291755 0.247877 0.254495 0.236846 0.300402 0.238123 0.278596 0.247364 0.252977 0.203180 0.254795 0.251838 0.194260 0.224663 0.236909 0.194818 0.208315 0.316969 0.218334 0.226791 0.206948 0.313803 0.303590 0.281985 0.275276 0.255148 0.266641 0.254535 0.311610 0.317044 0.330239 0.380364 0.331661 0.334001 0.354278 0.258204 0.326048 0.271522 0.401431 0.325055 0.422207 0.400275 0.342230 0.304355 0.332074 0.424680 0.376124 0.335260 0.390694 0.472141 0.473083 0.393554 0.428006 0.442801 0.361108 0.400293 0.406065 0.438443 0.401198 0.364379 0.431259 0.390002 0.363362 0.359698 0.395514 0.457724 0.387530 0.431901 0.293286 0.343488 0.320426 0.353337 0.388622 0.329424 0.294996 0.376250 0.301537 0.336761 0.293284 0.334815 0.293278 0.335180 0.323249 0.382585 0.286149 0.246266 0.235056 0.254125 0.289835 0.243353 0.330015 0.274875 0.225627 0.244260 0.235523 0.266664 0.217171 0.308281 0.241714 0.245572 0.291206 0.223666 0.252969 0.324215 0.268548 0.263496 0.232384 0.211414 0.320923 0.244388 0.326563 0.223166 0.300619 0.242125 0.266942 0.298884 0.267833 0.282239 0.187590 0.231656 0.331853
0.240903 0.262832 0.243588 0.225278 0.190416 0.204555 0.317584 0.247189 0.202885 0.214380 0.285607 0.212938 0.225996 0.206567 0.201133 0.317777 0.246553 0.239769 0.229089 0.282250 0.256914 0.266963 0.261684 0.242995 0.239285 0.190526 0.241839 0.349842 0.215730 0.267725 0.283471 0.320560 0.382166 0.263289 0.247702 0.329125 0.299482 0.375773 0.329397 0.278799 0.303145 0.333667 0.342762 0.283588 0.258399 0.277793 0.373328 0.349284 0.288818 0.346949 0.298190 0.371689 0.353947 0.372326 0.397032 0.413093 0.413115 0.466855 0.515146 0.456519 0.417570 0.457299 0.399519 0.396275 0.394459 0.440304 0.476760 0.514121 0.475411 0.447012 0.387655 0.413798 0.427526 0.395516 0.469159 0.355763 0.353651 0.390872 0.449255 0.289702 0.321572 0.400157 0.314786 0.417731 0.296092 0.365628 0.313219 0.329393 0.264116 0.236135 0.326540 0.269789 0.249970 0.238574 0.237359 0.329964 0.235894 0.248343 0.346217 0.248015 0.263073 0.276216 0.248082 0.230995 0.308443 0.269002 0.230090 0.199043 0.207445 0.212165 0.166390 0.299146 0.255898 0.272964 0.194477 0.231605 0.241220 0.253694 0.242291 0.200641 0.294026 0.278693 0.253219 0.291468 0.298465 0.305867 0.256608 0.237476
0.230878 0.285740 0.222057 0.213606 0.272361 0.271154 0.275755 0.216397 0.262485 0.287176 0.231504 0.240132 0.239132 0.312050 0.287590 0.198264 0.191446 0.278739 0.244748 0.275204 0.265261 0.295864 0.191428 0.235664 0.268900 0.269697 0.224043 0.242744 0.242484 0.270037 0.298865 0.262691 0.270744 0.196557 0.241650 0.362303 0.224008 0.351910 0.290478 0.229240 0.371753 0.370772 0.305507 0.366794 0.324539 0.347650 0.359228 0.350380 0.387665 0.389161 0.359770 0.399332 0.373267 0.405769 0.386533 0.415896 0.481172 0.395624 0.367328 0.493087 0.443843 0.408267 0.425751 0.399914 0.473978 0.464271 0.459435 0.440953 0.347320 0.378374 0.433156 0.310949 0.408834 0.365396 0.425748 0.386227 0.429849 0.394191 0.378281 0.327756 0.384729 0.447749 0.277195 0.297825 0.398667 0.346109 0.307572 0.344725 0.321068 0.276289 0.270602 0.326807 0.301916 0.327201 0.306475 0.252306 0.334674 0.233915 0.250118 0.234607 0.207783 0.286873 0.218204 0.231491 0.295289 0.291066 0.230623 0.202311 0.249731 0.189358 0.212317 0.236765 0.245561 0.229349 0.245468 0.306332 0.275942 0.305866 0.286405 0.259734 0.201812 0.196849 0.249410 0.233841 0.212765 0.266504 0.299054 0.247347
0.253507 0.228216 0.222602 0.329098 0.199936 0.243794 0.232419 0.245984 0.292326 0.290337 0.245120 0.295830 0.220429 0.265559 0.322799 0.228857 0.260569 0.312784 0.219701 0.256626 0.242222 0.211016 0.272879 0.224109 0.325436 0.261547 0.254030 0.266004 0.270651 0.260993 0.273944 0.251642 0.257937 0.302589 0.199971 0.257694 0.294601 0.312876 0.288816 0.315471 0.301943 0.247689 0.366208 0.346027 0.303944 0.408343 0.383680 0.338878 0.415506 0.400120 0.418940 0.368786 0.377448 0.373387 0.390869 0.325802 0.467019 0.381265 0.455504 0.384390 0.443925 0.393789 0.442190 0.379752 0.420063 0.469370 0.450039 0.446094 0.401981 0.344854 0.392762 0.403231 0.477496 0.435292 0.418944 0.376439 0.363687 0.411410 0.363677 0.357767 0.440612 0.317308 0.338080 0.332251 0.309254 0.272126 0.373012 0.259423 0.273718 0.314689 0.249432 0.288026 0.279410 0.275955 0.275905 0.221577 0.252654 0.323036 0.315520 0.243308 0.307765 0.224841 0.206162 0.178515 0.213354 0.275104 0.242672 0.321279 0.287631 0.239231 0.243910 0.243728 0.291924 0.236251 0.250751 0.221673 0.302841 0.236760 0.224714 0.189667 0.289030 0.226636 0.247427 0.233775 0.242692 0.170818 0.218711 0.206729
0.337212 0.303972 0.267648 0.349629 0.301293 0.196463 0.198907 0.261109 0.247716 0.259068 0.217754 0.324745 0.237088 0.296192 0.310056 0.228626 0.275510 0.316668 0.311860 0.284279 0.272585 0.259065 0.307716 0.281497 0.264529 0.242221 0.208804 0.257977 0.341748 0.250341 0.246832 0.265947 0.270464 0.260342 0.312505 0.304218 0.343261 0.325117 0.313974 0.228189 0.326321 0.298743 0.374695 0.341498 0.315251 0.331403 0.312586 0.346340 0.388474 0.430615 0.411757 0.430694 0.441067 0.399301 0.476835 0.370677 0.435227 0.414259 0.361065 0.509784 0.366562 0.476360 0.522072 0.443004 0.446514 0.374393 0.438794 0.504507 0.422539 0.400707 0.342660 0.481719 0.441217 0.406628 0.453958 0.384196 0.384945 0.475924 0.347611 0.387480 0.377182 0.364543 0.353384 0.293490 0.333060 0.321887 0.298111 0.285094 0.272242 0.274137 0.317421 0.297405 0.357406 0.310909 0.258907 0.257414 0.268655 0.258480 0.269833 0.344818 0.258838 0.268190 0.213464 0.199535 0.252749 0.240273 0.263979 0.309277 0.233789 0.226146 0.292089 0.235027 0.254336 0.247453 0.326550 0.183807 0.218088 0.276783 0.297013 0.209328 0.297548 0.231474 0.221201 0.224995 0.264311 0.269509 0.215107 0.258315
0.234796 0.202390 0.317801 0.211463 0.254309 0.203667 0.233072 0.254044 0.256965 0.209681 0.245985 0.264957 0.310542 0.283360 0.294658 0.277432 0.225861 0.239924 0.289922 0.226868 0.210329 0.254380 0.184504 0.227182 0.214331 0.245044 0.315885 0.358241 0.291532 0.231993 0.302563 0.293346 0.255964 0.319171 0.268803 0.269543 0.299953 0.330377 0.293887 0.328842 0.247808 0.339348 0.315488 0.320943 0.248292 0.299007 0.294945 0.396865 0.343679 0.399367 0.422571 0.381974 0.370115 0.466711 0.435472 0.381948 0.456225 0.415640 0.465346 0.483677 0.421112 0.475857 0.337351 0.480507 0.380220 0.558831 0.470358 0.429248 0.495961 0.415372 0.446959 0.425612 0.431303 0.402612 0.435816 0.381619 0.408332 0.421355 0.364614 0.413981 0.392075 0.352946 0.336415 0.347372 0.323746 0.314072 0.322349 0.312495 0.318904 0.365411 0.339430 0.331640 0.313413 0.263994 0.241501 0.270956 0.323973 0.321287 0.212098 0.196844 0.332468 0.320392 0.236482 0.256824 0.260479 0.301352 0.236612 0.278855 0.265316 0.265687 0.295220 0.258412 0.200858 0.287839 0.231952 0.287087 0.261549 0.211659 0.260833 0.225108 0.261218 0.234156 0.290663 0.221738 0.235459 0.222134 0.218346 0.239289
0.258651 0.272534 0.252176 0.231967 0.187852 0.287956 0.230035 0.266453 0.207924 0.311223 0.278470 0.215448 0.265140 0.305195 0.244742 0.184136 0.270911 0.327067 0.189905 0.295517 0.246058 0.252708 0.265156 0.259280 0.294785 0.215381 0.260437 0.228613 0.248029 0.390064 0.240329 0.295446 0.293405 0.208364 0.243644 0.221626 0.293276 0.252299 0.274862 0.255578 0.350494 0.354356 0.397158 0.338166 0.382460 0.406050 0.452623 0.327125 0.352891 0.354231 0.346068 0.438004 0.446202 0.368499 0.387930 0.450396 0.424143 0.458344 0.447143 0.500328 0.506270 0.390497 0.519619 0.446938 0.420849 0.489483 0.424503 0.410912 0.444129 0.508354 0.376467 0.402158 0.370186 0.383170 0.418470 0.364285 0.421841 0.405766 0.422357 0.462106 0.337569 0.349704 0.336694 0.334850 0.361335 0.361697 0.310243 0.376835 0.306118 0.306116 0.269289 0.326111 0.324103 0.289645 0.199041 0.271398 0.301223 0.257475 0.267292 0.288960 0.193261 0.295667 0.186216 0.264095 0.281786 0.237409 0.275040 0.275126 0.233254 0.236819 0.285326 0.264898 0.276207 0.268240 0.228713 0.208939 0.210138 0.197370 0.170302 0.226927 0.214392 0.252913 0.241139 0.265141 0.295203 0.210897 0.240095 0.234853
0.215142 0.202389 0.252525 0.260718 0.239131 0.272775 0.262824 0.290906 0.252277 0.256805 0.295668 0.233764 0.269743 0.291353 0.287977 0.285539 0.277735 0.241999 0.293307 0.234569 0.238756 0.248087 0.279435 0.323480 0.313490 0.313364 0.292044 0.272829 0.234413 0.248586 0.280619 0.346754 0.305402 0.301325 0.314200 0.242237 0.274737 0.327493 0.353853 0.295638 0.348537 0.258043 0.360994 0.405686 0.348588 0.340200 0.480181 0.383605 0.445449 0.372583 0.359379 0.353906 0.462850 0.364298 0.357975 0.419981 0.435150 0.445238 0.411539 0.433017 0.470983 0.393968 0.476931 0.498121 0.528815 0.491239 0.517573 0.480747 0.525088 0.466250 0.539746 0.474683 0.422224 0.445185 0.360934 0.471450 0.404151 0.456224 0.486935 0.390524 0.383149 0.367123 0.379725 0.445247 0.399942 0.350474 0.375757 0.243859 0.324318 0.199727 0.351806 0.214394 0.317752 0.254823 0.388775 0.231675 0.265314 0.342728 0.289659 0.277406 0.257412 0.268152 0.232406 0.254015 0.257352 0.286989 0.259829 0.289431 0.195206 0.310356 0.271595 0.318314 0.273552 0.247810 0.257185 0.205120 0.241984 0.258290 0.256065 0.185092 0.270072 0.210219 0.241693 0.284274 0.221924 0.245134 0.232503 0.271698
0.203999 0.188065 0.167173 0.337220 0.277346 0.315019 0.235402 0.295355 0.232759 0.200190 0.284744 0.239287 0.261701 0.268350 0.275595 0.243834 0.160448 0.205875 0.276685 0.332723 0.254348 0.311998 0.162953 0.319018 0.215583 0.222278 0.252877 0.279047 0.221864 0.312515 0.218203 0.284894 0.248021 0.296205 0.211650 0.258261 0.252952 0.345187 0.225498 0.390998 0.308284 0.343815 0.242059 0.320112 0.393784 0.428789 0.337787 0.431484 0.401956 0.429383 0.403842 0.481398 0.360692 0.462550 0.505803 0.482013 0.446169 0.484093 0.478908 0.461746 0.519052 0.532646 0.426302 0.555971 0.483702 0.473900 0.515991 0.445579 0.491487 0.455352 0.461994 0.473132 0.452093 0.431168 0.485060 0.451942 0.440769 0.447740 0.320130 0.431327 0.478454 0.336054 0.469497 0.288676 0.324093 0.370931 0.312313 0.293211 0.327883 0.332577 0.343778 0.292029 0.216288 0.315257 0.339487 0.264923 0.310922 0.221362 0.243776 0.222317 0.271022 0.218009 0.329068 0.281502 0.261158 0.286654 0.307906 0.271305 0.221384 0.257557 0.235943 0.274369 0.236859 0.254770 0.293597 0.219360 0.245157 0.241530 0.226319 0.352921 0.297229 0.224015 0.224602 0.263884 0.300842 0.246045 0.284213 0.180205
0.266265 0.303129 0.256643 0.224770 0.294688 0.210964 0.239088 0.275030 0.214269 0.356773 0.243314 0.170603 0.295509 0.266142 0.250531 0.272136 0.278650 0.249466 0.281990 0.270932 0.294379 0.238007 0.243205 0.285183 0.289745 0.262616 0.269525 0.306214 0.236666 0.225671 0.308810 0.296138 0.256570 0.277713 0.263600 0.278326 0.357765 0.312936 0.272928 0.345276 0.352667 0.336740 0.344435 0.375660 0.394847 0.368916 0.359165 0.381681 0.439069 0.439839 0.400991 0.540206 0.535484 0.401067 0.492047 0.418185 0.466406 0.532742 0.506781 0.432523 0.504614 0.388539 0.425067 0.490857 0.456420 0.551606 0.491996 0.535003 0.484977 0.482600 0.477502 0.543300 0.522740 0.406105 0.432761 0.502473 0.366324 0.491377 0.434266 0.359022 0.301892 0.384123 0.442507 0.373379 0.377603 0.366600 0.329302 0.347361 0.299073 0.294352 0.273834 0.289740 0.284049 0.301248 0.275118 0.218203 0.236226 0.266044 0.294601 0.258861 0.283391 0.203825 0.310821 0.242927 0.227497 0.259842 0.275066 0.246909 0.281411 0.183558 0.249509 0.287363 0.271605 0.240656 0.264664 0.321617 0.205927 0.261373 0.255773 0.278505 0.204822 0.314448 0.285164 0.342992 0.253414 0.226072 0.178243 0.231209
0.199337 0.169673 0.215507 0.239730 0.243569 0.353704 0.312760 0.258329 0.279427 0.235670 0.234375 0.271078 0.246939 0.315745 0.282160 0.211109 0.193410 0.259991 0.302515 0.213355 0.218969 0.353374 0.259767 0.246797 0.361291 0.251936 0.220717 0.271692 0.221168 0.210802 0.316258 0.259168 0.305276 0.245926 0.285610 0.251466 0.268758 0.382838 0.349511 0.353917 0.333326 0.328176 0.349285 0.341701 0.388390 0.373082 0.393985 0.502490 0.404680 0.370624 0.487098 0.391140 0.399722 0.522004 0.475328 0.424530 0.475740 0.534557 0.447074 0.496504 0.589390 0.489399 0.429665 0.482183 0.486182 0.475613 0.564567 0.500101 0.489530 0.505710 0.484250 0.394642 0.492129 0.479595 0.465299 0.470716 0.477200 0.479057 0.350249 0.374542 0.354725 0.367852 0.391557 0.296326 0.385656 0.289754 0.302316 0.285359 0.306893 0.332336 0.230476 0.368955 0.262032 0.381774 0.228660 0.320179 0.304228 0.268324 0.216930 0.252381 0.319927 0.300201 0.298094 0.321444 0.279520 0.256090 0.292185 0.284039 0.310283 0.273447 0.278083 0.293513 0.252513 0.208695 0.250301 0.255371 0.296243 0.277052 0.230732 0.259854 0.238559 0.230634 0.282879 0.208465 0.292749 0.236436 0.267407 0.234099
0.223605 0.224926 0.283965 0.182293 0.254965 0.224576 0.230122 0.323435 0.222581 0.221287 0.189083 0.176367 0.241781 0.224338 0.279768 0.260684 0.216708 0.312482 0.298459 0.256100 0.287684 0.326017 0.274584 0.238491 0.266815 0.271071 0.277485 0.314763 0.284495 0.208897 0.246506 0.239791 0.300953 0.280761 0.310773 0.282488 0.279169 0.355481 0.337833 0.319496 0.270324 0.293539 0.306153 0.359930 0.333164 0.423671 0.420098 0.393444 0.375647 0.399250 0.440516 0.439032 0.438729 0.502797 0.450097 0.466219 0.500938 0.495952 0.533929 0.475750 0.468160 0.528561 0.509324 0.536897 0.534091 0.532505 0.463244 0.495437 0.473861 0.472018 0.490054 0.539415 0.555281 0.431167 0.454250 0.415025 0.406999 0.418061 0.354485 0.424098 0.354938 0.383406 0.348931 0.398687 0.394388 0.377709 0.342594 0.272459 0.286679 0.339404 0.290388 0.295470 0.322826 0.381181 0.261688 0.304037 0.259610 0.233479 0.261187 0.261670 0.251491 0.286722 0.252537 0.179634 0.281471 0.278064 0.200087 0.229291 0.236052 0.281589 0.243711 0.291140 0.222276 0.286218 0.251820 0.236590 0.284503 0.282796 0.273786 0.245490 0.292365 0.298150 0.237875 0.254554 0.189550 0.222887 0.289067 0.211880
0.263460 0.248603 0.315906 0.255783 0.175177 0.233423 0.267307 0.274814 0.269217 0.301612 0.261090 0.175460 0.225899 0.260263 0.224830 0.266582 0.264560 0.318365 0.226395 0.207425 0.206350 0.238702 0.279127 0.254435 0.234933 0.220223 0.257481 0.294319 0.317078 0.325698 0.307826 0.295622 0.262968 0.305242 0.357468 0.308209 0.339930 0.316900 0.342888 0.294489 0.288309 0.308621 0.278838 0.400265 0.470632 0.376591 0.363010 0.418936 0.478467 0.428240 0.485803 0.443662 0.462665 0.401628 0.484726 0.441421 0.443997 0.429766 0.522210 0.594489 0.478228 0.499307 0.497706 0.530802 0.552495 0.510662 0.494084 0.435166 0.528385 0.501351 0.420122 0.438931 0.439189 0.452901 0.426380 0.484460 0.405993 0.414230 0.382759 0.442318 0.387465 0.394980 0.407045 0.374876 0.360197 0.386830 0.362943 0.344175 0.316135 0.330467 0.288036 0.369942 0.315239 0.316130 0.267144 0.278989 0.311071 0.201447 0.264934 0.246794 0.224159 0.294108 0.233844 0.220928 0.300741 0.183956 0.299076 0.299184 0.173727 0.245499 0.265332 0.293924 0.231440 0.245566 0.281593 0.215412 0.274494 0.295187 0.208848 0.262618 0.253637 0.208396 0.256399 0.239955 0.218456 0.235715 0.211049 0.266027
0.266485 0.280394 0.254183 0.258653 0.227907 0.276402 0.225427 0.273117 0.232352 0.219848 0.266600 0.316628 0.285769 0.233889 0.196684 0.192629 0.264520 0.260527 0.177557 0.249316 0.299815 0.256944 0.258094 0.214611 0.290467 0.236733 0.244590 0.315955 0.232615 0.268433 0.279899 0.299880 0.350575 0.293356 0.320456 0.301824 0.244970 0.363315 0.355475 0.382046 0.300164 0.356594 0.436024 0.457562 0.382088 0.400860 0.360743 0.401146 0.389042 0.471729 0.423877 0.446253 0.491278 0.663418 0.718996 0.678811 0.722974 0.659298 0.704996 0.651703 0.680314 0.688428 0.797368 0.678761 0.798639 0.746465 0.736426 0.685662 0.743286 0.781167 0.738915 0.708933 0.688595 0.705041 0.675064 0.451210 0.484720 0.426752 0.465396 0.503829 0.447790 0.379849 0.381536 0.421497 0.336427 0.434706 0.343114 0.347790 0.350873 0.456466 0.315323 0.289040 0.289368 0.325870 0.361945 0.248372 0.270371 0.271531 0.261092 0.333186 0.305534 0.324059 0.245812 0.219010 0.258974 0.229485 0.266570 0.299124 0.168209 0.284296 0.339649 0.204269 0.265603 0.205151 0.216947 0.256094 0.324229 0.315373 0.255373 0.291734 0.139909 0.236337 0.240303 0.273214 0.218864 0.214763 0.213214 0.272883
0.265097 0.235478 0.287643 0.244581 0.225180 0.222582 0.166675 0.257117 0.278462 0.270771 0.357491 0.237210 0.199980 0.323426 0.314970 0.221454 0.251047 0.234497 0.276543 0.242364 0.287736 0.297536 0.338985 0.244847 0.294243 0.307146 0.277601 0.335620 0.291535 0.283049 0.366281 0.254694 0.337998 0.266006 0.324964 0.339828 0.352010 0.378955 0.301820 0.286617 0.353456 0.366905 0.360050 0.472677 0.388011 0.341974 0.374988 0.433024 0.421010 0.482701 0.481279 0.492664 0.500189 0.707923 0.679413 0.755072 0.745362 0.679253 0.731107 0.760100 0.780654 0.744986 0.762628 0.651173 0.719052 0.728339 0.685164 0.722543 0.707957 0.666785 0.729662 0.673755 0.676879 0.722880 0.649298 0.521674 0.474630 0.412300 0.377100 0.427892 0.384775 0.356298 0.342245 0.362120 0.353845 0.369663 0.303839 0.323790 0.311546 0.298243 0.372917 0.324612 0.393012 0.332694 0.310222 0.340445 0.332342 0.216387 0.245154 0.264793 0.282116 0.279167 0.203706 0.278361 0.279243 0.223694 0.211467 0.279747 0.238130 0.288892 0.294593 0.268453 0.195458 0.216701 0.178726 0.231196 0.215689 0.313584 0.276642 0.240737 0.201737 0.322664 0.215273 0.169658 0.220134 0.192542 0.282805 0.209040
0.270601 0.310358 0.213380 0.245509 0.326646 0.239641 0.240186 0.238104 0.220698 0.219117 0.292894 0.300925 0.215547 0.332240 0.318311 0.240546 0.187300 0.213335 0.246929 0.246334 0.325870 0.207313 0.255355 0.253950 0.296518 0.256526 0.257211 0.270531 0.255998 0.300103 0.304122 0.251673 0.325434 0.309831 0.297804 0.347902 0.366980 0.292220 0.316227 0.343201 0.414138 0.372818 0.375864 0.456549 0.377138 0.436310 0.380836 0.422612 0.466211 0.411792 0.424825 0.456370 0.531772 0.615484 0.666988 0.739013 0.619455 0.790075 0.727243 0.806210 0.692447 0.766771 0.709843 0.748406 0.707417 0.710479 0.664989 0.616975 0.723776 0.815198 0.702693 0.687814 0.718940 0.663944 0.660946 0.421308 0.424485 0.494261 0.406378 0.437701 0.403949 0.373122 0.409592 0.419707 0.327475 0.380378 0.388285 0.335407 0.335727 0.330843 0.331001 0.270447 0.288139 0.319020 0.266328 0.287891 0.283585 0.250898 0.283415 0.326809 0.239566 0.243801 0.259466 0.215349 0.237591 0.200599 0.183772 0.270527 0.289503 0.324511 0.247770 0.291725 0.241115 0.223014 0.277776 0.241564 0.277656 0.262772 0.211833 0.206661 0.209123 0.224074 0.286660 0.245783 0.307132 0.272002 0.243028 0.215858
0.171521 0.293541 0.302362 0.240895 0.320244 0.247788 0.249506 0.296197 0.251217 0.232722 0.236755 0.182615 0.248536 0.251228 0.301218 0.278744 0.223771 0.286575 0.266903 0.318816 0.293472 0.254522 0.301962 0.247065 0.225648 0.276004 0.291205 0.313696 0.274014 0.281188 0.311971 0.284601 0.356907 0.238529 0.253278 0.299362 0.361695 0.321194 0.278681 0.372434 0.305374 0.411107 0.405820 0.440077 0.440573 0.445042 0.440871 0.411001 0.430523 0.446268 0.464618 0.445966 0.448684 0.744711 0.650551 0.749436 0.795818 0.681033 0.783779 0.729071 0.796742 0.719031 0.795608 0.717447 0.692609 0.814571 0.708167 0.687268 0.735031 0.715596 0.769346 0.679773 0.688807 0.729040 0.659146 0.519292 0.510482 0.536149 0.529743 0.405655 0.394762 0.375715 0.400562 0.385384 0.371196 0.323699 0.411806 0.291059 0.319866 0.364885 0.349960 0.309094 0.348468 0.290721 0.377245 0.334429 0.257552 0.317285 0.270108 0.290584 0.320818 0.235919 0.322540 0.253349 0.305752 0.277926 0.236619 0.202973 0.207203 0.267067 0.210834 0.233817 0.243128 0.226818 0.234147 0.275948 0.296114 0.269775 0.276702 0.272095 0.233032 0.257880 0.182749 0.253537 0.233127 0.299685 0.175825 0.207311
0.341285 0.279545 0.305500 0.218690 0.192149 0.269676 0.256885 0.272366 0.312606 0.285089 0.189235 0.230985 0.163445 0.273962 0.233920 0.202232 0.268075 0.210223 0.295645 0.285019 0.346909 0.228790 0.298667 0.244267 0.216234 0.341086 0.226981 0.338485 0.261634 0.308618 0.266767 0.257576 0.257616 0.282551 0.315210 0.368066 0.287428 0.328008 0.324310 0.340441 0.312110 0.307496 0.354078 0.382042 0.490365 0.465208 0.400382 0.376222 0.371114 0.488665 0.510382 0.556353 0.473492 0.709846 0.690292 0.770079 0.758582 0.697982 0.742342 0.701240 0.750244 0.692662 0.759480 0.800516 0.803370 0.702063 0.751325 0.692387 0.784881 0.751863 0.683569 0.684900 0.735458 0.636053 0.697022 0.498473 0.446882 0.451608 0.454549 0.462612 0.378070 0.394109 0.437309 0.289723 0.422549 0.426330 0.438594 0.258643 0.325447 0.309186 0.384919 0.345869 0.352984 0.334771 0.238287 0.310431 0.201390 0.301522 0.287686 0.268634 0.282000 0.298033 0.235491 0.278730 0.320553 0.276315 0.268127 0.256943 0.204422 0.312455 0.237945 0.255305 0.241132 0.238306 0.228489 0.223535 0.288685 0.305763 0.260601 0.204532 0.247947 0.339298 0.262873 0.242466 0.217473 0.271395 0.240576 0.301478
0.293587 0.270717 0.253203 0.271794 0.262935 0.241038 0.303682 0.246901 0.229368 0.183834 0.242566 0.190080 0.282258 0.219892 0.215986 0.162567 0.264836 0.242438 0.283450 0.219379 0.298633 0.288673 0.326340 0.244430 0.309929 0.234550 0.274159 0.263605 0.332106 0.297874 0.363138 0.305504 0.301942 0.297914 0.317799 0.284976 0.278360 0.307646 0.322964 0.325867 0.443218 0.358649 0.364406 0.437338 0.434186 0.380391 0.455329 0.473437 0.411403 0.450889 0.496517 0.515554 0.460604 0.748793 0.732736 0.683603 0.719079 0.809851 0.758917 0.673321 0.703980 0.817677 0.757463 0.767584 0.714129 0.821180 0.752572 0.729438 0.743937 0.863508 0.737476 0.743527 0.662670 0.685485 0.626213 0.528398 0.451899 0.449849 0.461219 0.459012 0.515120 0.421908 0.451615 0.369415 0.347101 0.347537 0.363350 0.366083 0.388540 0.374180 0.306354 0.332835 0.356870 0.253386 0.273572 0.243930 0.313850 0.283809 0.245588 0.296913 0.258792 0.309418 0.259374 0.277992 0.207077 0.278883 0.243985 0.190047 0.184055 0.216509 0.285900 0.169039 0.300178 0.245638 0.261496 0.281905 0.219786 0.250022 0.245129 0.227197 0.284840 0.255394 0.280618 0.284698 0.266278 0.281125 0.205198 0.197756
0.308236 0.235028 0.276254 0.294153 0.265022 0.282707 0.201955 0.198059 0.204476 0.226642 0.146999 0.235326 0.177715 0.292052 0.269960 0.272667 0.176404 0.238977 0.313778 0.228138 0.292220 0.223861 0.254893 0.368820 0.291946 0.320242 0.268491 0.212230 0.219095 0.314349 0.297606 0.348705 0.276829 0.316015 0.280400 0.341794 0.239449 0.332327 0.303990 0.343462 0.398920 0.384013 0.404230 0.358448 0.294710 0.368228 0.435625 0.390413 0.464094 0.387605 0.466878 0.538061 0.516149 0.672861 0.744237 0.721303 0.710447 0.788315 0.765469 0.677810 0.735378 0.826396 0.762544 0.847590 0.798538 0.805099 0.698074 0.741925 0.816536 0.805201 0.751169 0.708863 0.690718 0.706183 0.702567 0.456814 0.445830 0.495821 0.511975 0.465843 0.441848 0.479794 0.365195 0.395082 0.374305 0.358205 0.330137 0.398348 0.372299 0.330193 0.392093 0.262978 0.307702 0.270759 0.368856 0.288688 0.302953 0.271444 0.325132 0.299099 0.293067 0.276723 0.301988 0.285666 0.287793 0.203918 0.308186 0.301560 0.284450 0.244359 0.256434 0.211138 0.234117 0.332829 0.247673 0.229907 0.263399 0.246570 0.208692 0.270715 0.233640 0.253098 0.298281 0.261375 0.304368 0.272130 0.223858 0.220010
0.253977 0.209224 0.268641 0.310561 0.241951 0.245969 0.327246 0.286357 0.273885 0.289928 0.258418 0.314615 0.289658 0.158461 0.283305 0.269780 0.193678 0.300600 0.253890 0.234783 0.175488 0.259051 0.261746 0.288364 0.275528 0.267318 0.240436 0.261855 0.300388 0.214688 0.266217 0.291429 0.295473 0.330236 0.382430 0.304138 0.315209 0.317170 0.256463 0.399342 0.374457 0.399719 0.383842 0.427929 0.396094 0.445574 0.404892 0.490560 0.408150 0.494635 0.489338 0.523786 0.491758 0.685213 0.702506 0.722462 0.736987 0.712554 0.745762 0.689870 0.753193 0.765212 0.853061 0.839573 0.825236 0.805513 0.771083 0.700961 0.750287 0.741154 0.721306 0.778377 0.723315 0.692215 0.647510 0.557189 0.529547 0.476800 0.483822 0.450086 0.471549 0.442888 0.399894 0.380947 0.343138 0.368743 0.417465 0.290181 0.369648 0.359979 0.308449 0.261494 0.292601 0.285656 0.325701 0.317046 0.280295 0.309887 0.249192 0.279434 0.318831 0.258132 0.265009 0.211460 0.255732 0.280606 0.240598 0.316488 0.282965 0.258887 0.292761 0.303293 0.303257 0.213299 0.224436 0.252850 0.222243 0.330020 0.175920 0.258911 0.191878 0.207307 0.302196 0.245693 0.255111 0.269149 0.231308 0.273894
0.274449 0.250566 0.235816 0.258856 0.288675 0.244230 0.247357 0.197574 0.285930 0.226047 0.288410 0.272596 0.302828 0.269448 0.217517 0.347344 0.303920 0.255731 0.229442 0.214925 0.320651 0.250845 0.275221 0.297992 0.278730 0.290234 0.266712 0.304074 0.320016 0.279205 0.301560 0.279236 0.309326 0.358558 0.326651 0.304295 0.324276 0.292384 0.333519 0.405172 0.426393 0.305111 0.414602 0.405905 0.341541 0.438328 0.449128 0.472374 0.408746 0.452349 0.501368 0.432160 0.567597 0.733573 0.711314 0.793863 0.797542 0.742425 0.727581 0.802347 0.885142 0.789934 0.768255 0.739382 0.815177 0.731929 0.805135 0.796814 0.780974 0.754564 0.840940 0.752280 0.813655 0.754840 0.774144 0.489742 0.516946 0.486371 0.463662 0.410697 0.450953 0.522888 0.493848 0.403813 0.475063 0.393160 0.342432 0.361521 0.374121 0.374559 0.343075 0.327725 0.343629 0.316552 0.264107 0.293180 0.292987 0.269652 0.300918 0.284652 0.249392 0.323166 0.253406 0.275977 0.259204 0.232203 0.282227 0.268203 0.286396 0.332532 0.257949 0.246146 0.138911 0.274306 0.226066 0.222233 0.228909 0.269585 0.240268 0.240757 0.238403 0.249436 0.237720 0.221613 0.207455 0.287929 0.269633 0.248657
0.223714 0.318925 0.234062 0.277104 0.202301 0.293618 0.278418 0.215562 0.254160 0.209975 0.238551 0.200274 0.259539 0.292916 0.226775 0.237882 0.266673 0.183746 0.260936 0.238169 0.259610 0.150701 0.218757 0.250453 0.296497 0.215726 0.218118 0.262317 0.258121 0.292626 0.256928 0.295407 0.257580 0.307054 0.347797 0.295679 0.307486 0.392033 0.311078 0.312153 0.300746 0.342193 0.382736 0.380707 0.498399 0.391131 0.398833 0.444606 0.509000 0.457296 0.494451 0.508051 0.495319 0.722169 0.687987 0.644076 0.736966 0.798318 0.768456 0.735201 0.770913 0.837468 0.749327 0.792591 0.793861 0.824694 0.760553 0.829199 0.758912 0.799425 0.805756 0.823853 0.816546 0.696802 0.782615 0.452546 0.480237 0.499661 0.423413 0.465929 0.470188 0.472396 0.417940 0.462182 0.402142 0.421879 0.417408 0.440072 0.351619 0.368424 0.332784 0.320763 0.286306 0.352310 0.267599 0.250479 0.286836 0.266158 0.374806 0.289550 0.363515 0.215521 0.240231 0.320431 0.238565 0.234758 0.281264 0.230434 0.228996 0.286925 0.243641 0.259704 0.299317 0.302682 0.286684 0.331716 0.237032 0.214397 0.323804 0.266031 0.240111 0.165306 0.292915 0.284340 0.221383 0.266135 0.287307 0.196773
0.280286 0.259122 0.214000 0.234301 0.233909 0.222700 0.236532 0.175090 0.243652 0.323403 0.265101 0.223745 0.271036 0.278668 0.272811 0.297065 0.214386 0.295759 0.208896 0.263866 0.194830 0.270420 0.193173 0.271712 0.380900 0.198403 0.276657 0.284013 0.277928 0.308316 0.233072 0.358620 0.320357 0.334306 0.310724 0.354585 0.275100 0.375040 0.323749 0.372258 0.397405 0.408546 0.426399 0.420948 0.362668 0.471792 0.454607 0.466505 0.412736 0.479983 0.513842 0.524514 0.526455 0.776085 0.700311 0.700865 0.685649 0.781134 0.799808 0.793022 0.796027 0.712709 0.816162 0.785989 0.868041 0.747305 0.750300 0.804437 0.710814 0.746951 0.827177 0.779955 0.736573 0.813676 0.747553 0.530129 0.485395 0.546266 0.414407 0.518359 0.493183 0.443371 0.509694 0.426974 0.417412 0.357311 0.361040 0.393213 0.382206 0.360974 0.350395 0.380923 0.312126 0.328881 0.245306 0.334279 0.283516 0.353565 0.308731 0.298413 0.203881 0.212459 0.264903 0.240372 0.242899 0.247335 0.226079 0.293462 0.273941 0.319318 0.214740 0.338980 0.231430 0.260685 0.330458 0.295510 0.189895 0.285647 0.312506 0.268553 0.277230 0.212068 0.249139 0.230670 0.196784 0.218001 0.232393 0.216531
0.219437 0.222324 0.305655 0.308479 0.346966 0.219793 0.264785 0.255522 0.228497 0.219339 0.287912 0.290289 0.333984 0.207553 0.309868 0.232853 0.212776 0.290930 0.253900 0.322607 0.186506 0.306682 0.223822 0.235158 0.184482 0.293790 0.256877 0.326389 0.291418 0.245806 0.248270 0.250354 0.248200 0.327846 0.270959 0.298399 0.331363 0.329260 0.352761 0.388218 0.390457 0.338195 0.393699 0.347133 0.407305 0.449606 0.431527 0.476559 0.528449 0.542119 0.411358 0.484818 0.519679 0.779350 0.732727 0.828303 0.793257 0.742141 0.750338 0.761048 0.731277 0.790391 0.860151 0.822471 0.854034 0.779807 0.768398 0.780733 0.755759 0.863969 0.766277 0.809445 0.771863 0.725815 0.777530 0.547757 0.527423 0.498627 0.497014 0.495124 0.528409 0.434593 0.414350 0.373511 0.401855 0.408558 0.454459 0.327235 0.276942 0.328284 0.329600 0.302280 0.413939 0.200364 0.262933 0.279670 0.313155 0.321107 0.286825 0.303847 0.263357 0.205499 0.269822 0.222819 0.172999 0.227828 0.243801 0.257730 0.257544 0.260689 0.318001 0.265305 0.264023 0.310840 0.298837 0.218658 0.267383 0.219654 0.252846 0.311943 0.255793 0.236495 0.197456 0.265973 0.246675 0.283437 0.279744 0.281096
0.297274 0.244467 0.305114 0.183775 0.296556 0.207501 0.179969 0.241872 0.239435 0.287576 0.220351 0.203450 0.257200 0.271714 0.219619 0.258691 0.206593 0.260370 0.255138 0.157763 0.278030 0.253026 0.223188 0.339911 0.285959 0.252253 0.248651 0.287300 0.315283 0.290609 0.313069 0.258044 0.293678 0.350293 0.320986 0.348466 0.321484 0.394180 0.325783 0.330184 0.320708 0.396871 0.391681 0.443349 0.403708 0.372894 0.451199 0.427389 0.450771 0.532883 0.522263 0.498956 0.528678 0.694727 0.699382 0.787090 0.821058 0.800030 0.749936 0.793659 0.800371 0.805939 0.757899 0.831169 0.804674 0.766279 0.734320 0.755448 0.767329 0.801057 0.814928 0.712616 0.791710 0.785910 0.712140 0.499445 0.591833 0.494487 0.514473 0.462781 0.451341 0.390131 0.426923 0.375356 0.371209 0.416490 0.362821 0.459648 0.351769 0.384236 0.356783 0.274277 0.234298 0.249008 0.300891 0.345165 0.270110 0.296627 0.292099 0.386772 0.254806 0.252313 0.267623 0.272360 0.172311 0.261624 0.236393 0.252834 0.218138 0.288483 0.297642 0.276312 0.288572 0.217383 0.217627 0.227367 0.279688 0.289007 0.287278 0.257575 0.262048 0.283562 0.222632 0.236005 0.266069 0.312953 0.275232 0.248851
0.230266 0.255869 0.140871 0.278916 0.269829 0.216351 0.264051 0.253204 0.209670 0.305934 0.258356 0.210026 0.338897 0.250731 0.226202 0.283642 0.290160 0.268001 0.140199 0.255538 0.256216 0.256591 0.287716 0.274996 0.257864 0.211951 0.300770 0.267393 0.287991 0.332569 0.325321 0.304605 0.267378 0.276144 0.265591 0.303471 0.405534 0.339969 0.352574 0.367206 0.398790 0.435166 0.391525 0.444932 0.550081 0.338866 0.441061 0.464315 0.482606 0.503041 0.482699 0.648260 0.523449 0.757078 0.751083 0.792378 0.802462 0.802792 0.855061 0.799747 0.851339 0.756306 0.858829 0.841116 0.842590 0.823679 0.802140 0.717166 0.782684 0.788423 0.759674 0.797864 0.756197 0.781478 0.724405 0.553923 0.525893 0.502576 0.450354 0.533259 0.452270 0.404064 0.492999 0.392090 0.377087 0.406346 0.330237 0.349161 0.292455 0.277860 0.343304 0.325988 0.375829 0.389737 0.321025 0.319707 0.249450 0.273114 0.290103 0.320842 0.301834 0.266962 0.262964 0.234789 0.208569 0.226517 0.258227 0.268041 0.248953 0.268042 0.327739 0.263136 0.241474 0.248636 0.171919 0.274353 0.260878 0.261146 0.215526 0.218587 0.194285 0.252256 0.364145 0.268194 0.331941 0.218050 0.256181 0.291127
0.298425 0.179642 0.230958 0.289475 0.316205 0.222913 0.218421 0.193318 0.244464 0.221265 0.319473 0.308081 0.259689 0.306304 0.283140 0.255875 0.283760 0.285075 0.257602 0.232735 0.250425 0.269618 0.316783 0.240175 0.261528 0.318689 0.254108 0.315701 0.240981 0.272951 0.282409 0.355470 0.307760 0.261092 0.268675 0.405735 0.357516 0.327352 0.389281 0.339403 0.393289 0.364688 0.407766 0.368170 0.444536 0.484947 0.449694 0.494763 0.454982 0.489322 0.521567 0.560763 0.543426 0.733545 0.719647 0.771310 0.740773 0.828672 0.733373 0.820955 0.807525 0.810149 0.823566 0.851568 0.838547 0.770983 0.863889 0.776404 0.802310 0.827845 0.791694 0.750573 0.747208 0.746253 0.811744 0.487171 0.569335 0.460338 0.478465 0.504950 0.439729 0.453095 0.430864 0.390753 0.481370 0.395620 0.451553 0.293068 0.409818 0.354944 0.340229 0.380575 0.363441 0.368560 0.344234 0.294167 0.279972 0.271319 0.240228 0.322502 0.309910 0.287215 0.254508 0.236185 0.249001 0.254112 0.281631 0.285096 0.195040 0.260037 0.261681 0.266813 0.211586 0.262747 0.239558 0.272442 0.266097 0.279108 0.310544 0.270110 0.273716 0.288088 0.217381 0.230241 0.249130 0.237314 0.314577 0.252124
0.201268 0.184028 0.356602 0.249844 0.290463 0.277129 0.321544 0.248560 0.155794 0.201011 0.243038 0.228480 0.276940 0.233433 0.328645 0.228812 0.270983 0.195282 0.296790 0.194609 0.263834 0.254587 0.211796 0.230502 0.284804 0.244293 0.297361 0.259233 0.293816 0.262744 0.324556 0.281224 0.256402 0.323550 0.360139 0.301312 0.333152 0.332736 0.396165 0.341758 0.347199 0.364211 0.437446 0.411089 0.467196 0.437547 0.460961 0.438713 0.484652 0.441871 0.523103 0.491680 0.546958 0.764148 0.793383 0.778539 0.774653 0.891193 0.863651 0.833261 0.782854 0.847671 0.795074 0.869768 0.820861 0.825991 0.897260 0.875489 0.837107 0.801396 0.754683 0.831456 0.780563 0.769148 0.676958 0.501808 0.452314 0.520852 0.499141 0.416238 0.472576 0.424670 0.348601 0.452884 0.494798 0.379187 0.417355 0.378845 0.352185 0.442792 0.299955 0.363918 0.276409 0.275854 0.340857 0.265328 0.297971 0.271058 0.296153 0.253652 0.297628 0.237491 0.269795 0.253916 0.220229 0.208340 0.236241 0.164438 0.350414 0.293272 0.272703 0.323078 0.165231 0.281226 0.189551 0.265438 0.249244 0.186296 0.277702 0.296177 0.261611 0.257721 0.257041 0.196958 0.248061 0.278575 0.262253 0.312568
0.257913 0.213960 0.266739 0.276376 0.231623 0.274517 0.283367 0.227343 0.283219 0.291768 0.203994 0.250673 0.283157 0.256665 0.284633 0.235978 0.204861 0.260802 0.177943 0.269137 0.319409 0.276933 0.246910 0.241248 0.267063 0.354173 0.306508 0.274323 0.268900 0.296209 0.367555 0.259016 0.278368 0.291960 0.318595 0.342855 0.416647 0.376512 0.293487 0.315097 0.372526 0.396857 0.423074 0.394648 0.424947 0.403147 0.423130 0.475636 0.532955 0.456335 0.565500 0.526369 0.515680 0.792503 0.764502 0.795169 0.790905 0.801176 0.809165 0.845067 0.796717 0.885362 0.873294 0.867492 0.854814 0.846177 0.884250 0.864305 0.834506 0.832602 0.871625 0.864047 0.846192 0.769668 0.822747 0.541012 0.572673 0.547055 0.506694 0.520792 0.510789 0.454315 0.455382 0.397622 0.523093 0.377154 0.413754 0.387547 0.412082 0.339525 0.388960 0.394200 0.343411 0.308134 0.338268 0.260024 0.306075 0.346183 0.296608 0.193716 0.250128 0.273343 0.255136 0.192327 0.216449 0.295202 0.263377 0.154274 0.297529 0.247565 0.251179 0.202749 0.272640 0.224307 0.239534 0.206004 0.164649 0.303943 0.207413 0.219407 0.248111 0.278792 0.227179 0.270032 0.323251 0.266259 0.223925 0.296191
0.215212 0.232996 0.272283 0.267408 0.188073 0.332253 0.275248 0.303589 0.251246 0.310776 0.228343 0.249572 0.250697 0.283005 0.198524 0.288884 0.240931 0.232652 0.268518 0.179856 0.283698 0.228049 0.280117 0.286764 0.394291 0.165284 0.239065 0.357369 0.244602 0.280782 0.283643 0.274932 0.385368 0.314202 0.304685 0.385876 0.320966 0.345414 0.353206 0.445696 0.366616 0.343852 0.436429 0.383455 0.410392 0.464330 0.453444 0.432035 0.496081 0.466508 0.531947 0.494154 0.540333 0.839994 0.746648 0.793804 0.846180 0.857921 0.848475 0.828023 0.882503 0.824077 0.925682 0.853272 0.782229 0.941887 0.821909 0.853447 0.866669 0.863811 0.784180 0.782774 0.796496 0.900540 0.787342 0.553483 0.550984 0.565040 0.583475 0.492288 0.457527 0.443477 0.429132 0.473614 0.443769 0.438689 0.467054 0.375422 0.416282 0.379505 0.332160 0.320777 0.318234 0.326047 0.352191 0.348059 0.312961 0.336444 0.299381 0.297730 0.274368 0.355446 0.337206 0.249110 0.300886 0.273284 0.252532 0.289417 0.265483 0.263323 0.246737 0.251076 0.199920 0.226796 0.249442 0.287400 0.315979 0.265863 0.203748 0.221764 0.267919 0.230864 0.206487 0.238092 0.249727 0.266670 0.213187 0.244494
0.275543 0.277802 0.295675 0.271382 0.254886 0.336178 0.248714 0.316648 0.230167 0.297573 0.193453 0.281935 0.226265 0.240117 0.242975 0.229789 0.144470 0.334274 0.241654 0.203100 0.308402 0.328417 0.261217 0.257930 0.219920 0.288004 0.235373 0.356471 0.277734 0.310545 0.259776 0.277355 0.323106 0.272011 0.357139 0.299852 0.353835 0.315012 0.398826 0.316227 0.383467 0.394529 0.336264 0.394632 0.445705 0.411615 0.458965 0.376698 0.503115 0.477644 0.483584 0.513371 0.543320 0.750764 0.798386 0.833521 0.826755 0.809354 0.876489 0.797111 0.824075 0.726289 0.848064 0.829852 0.895905 0.829838 0.821407 0.933097 0.851977 0.796255 0.756017 0.755367 0.842853 0.786495 0.793781 0.572670 0.518553 0.507178 0.546958 0.489380 0.471123 0.458964 0.458042 0.494138 0.441090 0.448701 0.356891 0.347050 0.423968 0.380764 0.363762 0.333538 0.394787 0.337973 0.299569 0.291899 0.289782 0.330248 0.314882 0.306440 0.356057 0.294359 0.275816 0.297156 0.290637 0.197639 0.221112 0.290882 0.293369 0.247298 0.238424 0.202613 0.260123 0.266615 0.279651 0.236646 0.229190 0.291163 0.246745 0.255561 0.185790 0.231631 0.303104 0.303920 0.240267 0.269205 0.252975 0.333390
0.148024 0.247174 0.119364 0.280257 0.313302 0.246215 0.256764 0.271296 0.299002 0.165968 0.237694 0.264495 0.236954 0.226399 0.217428 0.242543 0.264470 0.302469 0.261160 0.222178 0.265254 0.304407 0.242411 0.263105 0.300277 0.247842 0.270100 0.281154 0.305060 0.211715 0.305177 0.284969 0.304986 0.355990 0.346200 0.422998 0.363241 0.274921 0.339792 0.390976 0.392089 0.451531 0.340829 0.445920 0.448507 0.466819 0.465761 0.478357 0.446730 0.591660 0.495782 0.589342 0.555273 0.770965 0.865517 0.795006 0.859896 0.819490 0.856455 0.824834 0.805937 0.822639 0.886636 0.874500 0.869956 0.846602 0.860431 0.882478 0.848108 0.841336 0.768198 0.789297 0.775503 0.755544 0.787601 0.636242 0.603366 0.556360 0.480294 0.528361 0.554280 0.430063 0.426467 0.338517 0.367157 0.492543 0.479215 0.420402 0.392291 0.342206 0.387109 0.335538 0.412960 0.363908 0.358049 0.315671 0.277003 0.343932 0.274155 0.232081 0.330107 0.309517 0.272933 0.289089 0.369897 0.170356 0.259119 0.278112 0.247612 0.224350 0.317231 0.347638 0.294389 0.306344 0.225355 0.242210 0.267018 0.285861 0.241149 0.305792 0.266301 0.287409 0.314965 0.275910 0.215414 0.201577 0.226331 0.246878
0.248315 0.233260 0.262071 0.254618 0.273099 0.233035 0.296205 0.159500 0.264810 0.254742 0.275567 0.323415 0.289290 0.261644 0.236936 0.281178 0.246386 0.238913 0.304077 0.269887 0.276941 0.263147 0.231002 0.185293 0.289741 0.300176 0.285556 0.237654 0.266423 0.287941 0.238372 0.296483 0.317333 0.316418 0.277964 0.321102 0.316084 0.303971 0.311569 0.374253 0.359969 0.484343 0.421515 0.442465 0.444045 0.434742 0.508401 0.512799 0.531625 0.539722 0.466582 0.576145 0.558849 0.782822 0.834079 0.795990 0.768252 0.847507 0.920663 0.794526 0.865188 0.841944 0.909180 0.861493 0.809392 0.778446 0.914392 0.850932 0.815649 0.830583 0.828846 0.786449 0.798415 0.823972 0.731593 0.611076 0.527975 0.548175 0.582220 0.466652 0.490524 0.493995 0.497940 0.413329 0.489043 0.339274 0.412473 0.346924 0.370824 0.397198 0.343952 0.384668 0.342091 0.350989 0.337704 0.224373 0.367401 0.234947 0.299087 0.298183 0.214071 0.266400 0.249892 0.234646 0.278983 0.273451 0.265362 0.268600 0.204295 0.273795 0.208624 0.238123 0.232051 0.197834 0.275792 0.315599 0.238963 0.279320 0.220029 0.273142 0.316889 0.280919 0.208003 0.254552 0.235907 0.239304 0.326357 0.227884
0.219229 0.277432 0.216077 0.206672 0.167626 0.197897 0.224886 0.223838 0.269210 0.258377 0.311041 0.273016 0.240468 0.257203 0.342327 0.262497 0.287917 0.312962 0.236776 0.291360 0.279495 0.249672 0.323853 0.232839 0.259250 0.260452 0.223799 0.324634 0.276905 0.241268 0.271567 0.272044 0.366132 0.343141 0.374699 0.343650 0.363374 0.319041 0.394424 0.364565 0.411412 0.399632 0.376125 0.494714 0.432804 0.549775 0.485839 0.499281 0.535122 0.554761 0.569762 0.559494 0.593668 0.757222 0.751993 0.883320 0.846997 0.837541 0.783459 0.902905 0.857504 0.809645 0.851745 0.898096 0.876682 0.912400 0.726520 0.902384 0.829081 0.857902 0.820985 0.846074 0.841399 0.843496 0.794143 0.602190 0.577375 0.516342 0.525216 0.558040 0.412123 0.539352 0.458430 0.488464 0.426343 0.361554 0.342789 0.365862 0.322604 0.399355 0.295213 0.271122 0.369835 0.316628 0.276937 0.281448 0.294161 0.292011 0.273357 0.181279 0.243865 0.219538 0.262520 0.282487 0.262804 0.252107 0.252805 0.181452 0.288119 0.284681 0.281490 0.262843 0.216956 0.238349 0.240642 0.216315 0.311404 0.266755 0.315832 0.289692 0.260980 0.238943 0.254900 0.230557 0.212971 0.211144 0.262448 0.199536
0.243009 0.193182 0.299085 0.245322 0.241591 0.260617 0.234265 0.196499 0.232231 0.309977 0.263546 0.297247 0.352667 0.263208 0.246423 0.305597 0.258125 0.214879 0.204316 0.230833 0.270867 0.248729 0.249225 0.220221 0.250639 0.276201 0.203909 0.247702 0.372314 0.335283 0.348774 0.221331 0.305378 0.337648 0.324794 0.370822 0.361991 0.379938 0.409564 0.311060 0.406992 0.359855 0.438275 0.487841 0.447169 0.402058 0.426699 0.495564 0.488186 0.593456 0.533278 0.634117 0.574773 0.745167 0.892235 0.803789 0.887122 0.896960 0.840987 0.882609 0.900617 0.921568 0.858765 0.827813 0.917574 0.893019 0.791568 0.903976 0.799755 0.832812 0.814236 0.816236 0.814509 0.765845 0.830745 0.597756 0.586175 0.596131 0.579938 0.521767 0.505439 0.459089 0.482381 0.438714 0.365974 0.439024 0.365689 0.452730 0.454723 0.398707 0.315496 0.349993 0.295714 0.297058 0.282594 0.305907 0.307711 0.294148 0.303660 0.245292 0.326332 0.319315 0.248788 0.287203 0.241355 0.231252 0.260224 0.298313 0.249130 0.268700 0.267811 0.201735 0.140460 0.196340 0.228584 0.220100 0.213805 0.178959 0.260140 0.292811 0.305409 0.273117 0.219948 0.271339 0.176262 0.285527 0.285106 0.215525
0.261720 0.262635 0.255835 0.322415 0.256122 0.202315 0.203135 0.295739 0.187185 0.259100 0.189189 0.274798 0.247250 0.293118 0.194184 0.194453 0.243298 0.233741 0.305608 0.254280 0.262242 0.250184 0.318209 0.178745 0.262488 0.218371 0.211401 0.356879 0.337461 0.331108 0.264010 0.324028 0.330455 0.320505 0.354514 0.382576 0.376931 0.409517 0.413557 0.371397 0.418697 0.361836 0.358204 0.480429 0.416692 0.480403 0.455945 0.501440 0.568842 0.582238 0.542477 0.584237 0.569372 0.813201 0.767205 0.856337 0.847341 0.811697 0.898118 0.843606 0.813243 0.869357 0.883882 0.906403 0.869557 0.917995 0.886878 0.836470 0.851731 0.909322 0.769554 0.881700 0.792443 0.841070 0.774655 0.613654 0.591488 0.474450 0.461743 0.498916 0.454257 0.441828 0.499863 0.430332 0.409583 0.401073 0.363691 0.372319 0.346000 0.436590 0.411901 0.350166 0.385039 0.354865 0.312108 0.310129 0.298104 0.365385 0.331877 0.270738 0.241537 0.240665 0.278712 0.291618 0.280653 0.229877 0.271518 0.292897 0.177136 0.214800 0.212901 0.234398 0.245574 0.222833 0.253187 0.140521 0.256569 0.217193 0.317986 0.186512 0.197568 0.213672 0.298464 0.192975 0.255091 0.293211 0.259376 0.194063
0.247176 0.245026 0.235536 0.218351 0.276675 0.258892 0.289552 0.285620 0.218989 0.227181 0.322491 0.164060 0.304030 0.316825 0.254369 0.277898 0.377946 0.222886 0.303279 0.283615 0.240747 0.304579 0.295731 0.246778 0.321586 0.255680 0.277064 0.294502 0.359109 0.347464 0.337007 0.294822 0.357005 0.250577 0.295261 0.380632 0.380645 0.420887 0.433477 0.377029 0.351971 0.350842 0.444873 0.459768 0.547134 0.462083 0.524554 0.594970 0.554025 0.629398 0.602141 0.539644 0.532816 0.803799 0.849114 0.810452 0.885725 0.861507 0.850402 0.859086 0.859889 0.870517 0.872196 0.900216 0.827253 0.856427 0.831938 0.797471 0.859098 0.746489 0.787628 0.808547 0.755708 0.807792 0.834595 0.573590 0.517885 0.588062 0.557774 0.467552 0.532822 0.485737 0.471889 0.439794 0.415639 0.389959 0.409303 0.369976 0.364183 0.390035 0.346773 0.293154 0.299232 0.364268 0.384262 0.309009 0.288828 0.281858 0.303663 0.287396 0.379584 0.271750 0.268831 0.292735 0.312007 0.248498 0.232970 0.262445 0.266948 0.255423 0.330571 0.280405 0.307288 0.300342 0.192132 0.225858 0.244772 0.254852 0.261040 0.215904 0.270624 0.211634 0.275539 0.305080 0.261269 0.262571 0.341055 0.255639
0.223642 0.214186 0.230077 0.266405 0.224279 0.288237 0.227021 0.205420 0.228144 0.267361 0.241972 0.272752 0.273016 0.332998 0.328803 0.270889 0.293581 0.266108 0.231814 0.296704 0.200005 0.387989 0.244731 0.246440 0.261420 0.254929 0.193179 0.346306 0.251429 0.248632 0.270836 0.320894 0.362321 0.331722 0.402862 0.389772 0.345614 0.319737 0.409793 0.387856 0.412392 0.436157 0.434331 0.428213 0.419262 0.530529 0.512902 0.531200 0.495791 0.564805 0.515546 0.540187 0.645627 0.879700 0.847429 0.750949 0.861309 0.806941 0.886473 0.924264 0.868352 0.806741 0.869468 0.839882 0.879310 0.863049 0.938186 0.781589 0.839005 0.841415 0.820764 0.832914 0.841193 0.886954 0.798357 0.507615 0.562711 0.536370 0.575276 0.510604 0.554788 0.430967 0.379873 0.478001 0.489011 0.399861 0.431278 0.386747 0.466128 0.411624 0.371550 0.356306 0.402530 0.336487 0.329269 0.316751 0.325118 0.394767 0.281632 0.318316 0.245037 0.290961 0.207351 0.333542 0.307095 0.269128 0.214241 0.348317 0.333986 0.213243 0.228481 0.229102 0.231336 0.239076 0.262438 0.204482 0.291558 0.248375 0.250145 0.307234 0.299868 0.253824 0.234157 0.267126 0.238869 0.293801 0.198677 0.231943
0.232558 0.240445 0.251738 0.232724 0.199501 0.249837 0.287188 0.163021 0.256229 0.258582 0.291679 0.228925 0.253099 0.277514 0.236403 0.243234 0.242718 0.202964 0.281007 0.275810 0.263730 0.228028 0.279744 0.276137 0.248818 0.215896 0.296054 0.282261 0.315447 0.245022 0.198410 0.318900 0.304846 0.272316 0.308791 0.323238 0.317238 0.387679 0.303140 0.307126 0.308871 0.426016 0.299547 0.450123 0.470490 0.468376 0.493458 0.537650 0.502740 0.539103 0.632235 0.557236 0.575735 0.831733 0.827810 0.827197 0.849259 0.826070 0.863444 0.909524 0.885288 0.834623 0.846579 0.823790 0.896963 0.926450 0.856119 0.934741 0.848963 0.797879 0.826557 0.852110 0.832789 0.814413 0.744625 0.603636 0.548119 0.501707 0.547822 0.529377 0.541958 0.476778 0.570790 0.500242 0.474041 0.364721 0.325933 0.398171 0.418922 0.422525 0.322684 0.418897 0.287848 0.299401 0.291049 0.340775 0.289045 0.348138 0.263357 0.350187 0.287201 0.255271 0.272602 0.302561 0.244690 0.232783 0.301863 0.309871 0.312802 0.206733 0.271069 0.280674 0.192065 0.271779 0.278713 0.327430 0.207400 0.248950 0.354757 0.215886 0.230056 0.230913 0.190624 0.284878 0.347523 0.276125 0.287160 0.194614
0.240009 0.218713 0.201230 0.183721 0.276981 0.209077 0.277756 0.273437 0.263809 0.207751 0.308786 0.283465 0.317246 0.306426 0.271037 0.312066 0.267910 0.245664 0.231017 0.263403 0.265382 0.194005 0.275556 0.319322 0.249702 0.367976 0.246882 0.300695 0.336830 0.341809 0.322063 0.314244 0.336780 0.269935 0.316714 0.301744 0.372726 0.426552 0.354065 0.389196 0.474940 0.410057 0.440746 0.452844 0.472464 0.409060 0.526940 0.532665 0.450186 0.619380 0.553694 0.519559 0.584853 0.834895 0.791672 0.856220 0.837094 0.889384 0.861725 0.892003 0.911695 0.895424 0.914767 0.890550 0.903236 0.945923 0.865176 0.898209 0.782154 0.861152 0.886439 0.861944 0.798369 0.822419 0.796930 0.617159 0.597052 0.526723 0.630618 0.484147 0.546941 0.478594 0.512524 0.525526 0.485310 0.437379 0.427308 0.386528 0.372926 0.416668 0.353447 0.368110 0.398757 0.350838 0.281405 0.274081 0.253461 0.259444 0.260504 0.306515 0.246195 0.257653 0.200975 0.231530 0.259060 0.268945 0.310530 0.256426 0.321211 0.181361 0.298334 0.242982 0.296363 0.303430 0.275897 0.218645 0.263197 0.287908 0.224264 0.276971 0.289595 0.257226 0.208547 0.223594 0.242756 0.286623 0.244197 0.216539
0.299215 0.278229 0.294916 0.196470 0.200700 0.273792 0.258613 0.153930 0.259752 0.219119 0.290136 0.282897 0.271168 0.206776 0.290031 0.171444 0.215720 0.185581 0.147437 0.221030 0.268513 0.245791 0.308881 0.188845 0.241459 0.237239 0.289488 0.254651 0.307848 0.296244 0.323978 0.206718 0.313939 0.286314 0.329415 0.305721 0.382940 0.334221 0.411977 0.398991 0.391571 0.419428 0.396473 0.388075 0.404543 0.512784 0.458146 0.518895 0.506228 0.552630 0.578282 0.587699 0.646982 0.753814 0.757853 0.881644 0.807443 0.836483 0.964432 0.911147 0.771096 0.917738 0.901762 0.807620 0.932946 0.932390 0.845951 0.896107 0.901473 0.828631 0.842107 0.876890 0.860684 0.812132 0.754351 0.554064 0.590889 0.527416 0.598789 0.521037 0.453087 0.362557 0.477743 0.485597 0.434295 0.417273 0.382930 0.372917 0.344917 0.413917 0.344269 0.362099 0.355723 0.423454 0.311949 0.311789 0.353479 0.344143 0.343530 0.284072 0.222043 0.252198 0.169997 0.204966 0.352374 0.300322 0.241501 0.234123 0.220367 0.220068 0.269687 0.288111 0.247806 0.302883 0.152321 0.290711 0.326629 0.277584 0.221390 0.232819 0.198160 0.212294 0.178132 0.259846 0.232553 0.265591 0.274612 0.258707
0.214513 0.212423 0.256705 0.208602 0.267699 0.274944 0.248310 0.255559 0.241088 0.275783 0.233825 0.246817 0.343667 0.214943 0.243510 0.278053 0.236192 0.267506 0.264451 0.276447 0.287518 0.341344 0.298712 0.299168 0.312842 0.285036 0.351853 0.257252 0.282725 0.320431 0.300669 0.283299 0.294940 0.319608 0.285578 0.313534 0.338819 0.332714 0.408152 0.364178 0.426359 0.353617 0.434018 0.509721 0.435422 0.545475 0.562578 0.526926 0.521279 0.573954 0.475787 0.584726 0.633379 0.822840 0.811879 0.851495 0.831177 0.841487 0.887872 0.871038 0.870989 0.828118 0.943769 0.850447 0.863021 0.899038 0.884596 0.828773 0.855563 0.858960 0.906778 0.816145 0.797583 0.830599 0.786455 0.555469 0.596808 0.554768 0.543159 0.571536 0.513138 0.476336 0.415311 0.411722 0.426668 0.410424 0.363066 0.384458 0.373018 0.308885 0.337672 0.288539 0.275253 0.374152 0.344873 0.230543 0.259401 0.294152 0.273319 0.285834 0.280787 0.293631 0.210719 0.267066 0.279607 0.212724 0.270081 0.307106 0.237394 0.268905 0.253361 0.363788 0.293805 0.241872 0.178611 0.271422 0.240971 0.322146 0.323157 0.309706 0.266836 0.200630 0.292731 0.249861 0.305065 0.238163 0.185354 0.178100
0.205699 0.288513 0.191141 0.248981 0.221918 0.304698 0.253005 0.212046 0.256367 0.302399 0.265752 0.262530 0.190595 0.292498 0.260320 0.292804 0.244415 0.233512 0.314291 0.213454 0.229033 0.271264 0.174194 0.263919 0.324369 0.229288 0.216645 0.266034 0.337099 0.271522 0.232899 0.343489 0.307158 0.329817 0.441057 0.330228 0.280531 0.398246 0.429942 0.392799 0.425699 0.432375 0.454930 0.519679 0.396407 0.470989 0.514741 0.557694 0.463870 0.550093 0.550748 0.539829 0.650078 0.838805 0.873981 0.880325 0.861822 0.819060 0.807339 0.887072 0.885717 0.851422 0.895290 0.875009 0.911152 0.985047 0.896564 0.909383 0.901890 0.941874 0.846487 0.808149 0.821200 0.782352 0.843323 0.598314 0.519014 0.584968 0.482169 0.494894 0.533675 0.429707 0.509521 0.419989 0.361910 0.451876 0.444074 0.385956 0.401177 0.327253 0.390002 0.429044 0.297438 0.289019 0.301299 0.369589 0.272763 0.296963 0.272356 0.260115 0.255309 0.303814 0.257081 0.350589 0.244116 0.329103 0.302098 0.222844 0.302795 0.289560 0.244992 0.246143 0.288078 0.256223 0.279723 0.275706 0.304991 0.234272 0.215221 0.305258 0.224224 0.304692 0.245842 0.222590 0.280020 0.277289 0.309517 0.209559
0.335932 0.241216 0.242022 0.252113 0.269308 0.234331 0.239654 0.235302 0.308813 0.192049 0.211912 0.242320 0.246284 0.202111 0.222889 0.232992 0.284735 0.273431 0.297104 0.235519 0.214498 0.293292 0.241476 0.217481 0.243582 0.275390 0.200256 0.265935 0.331841 0.273276 0.327993 0.362915 0.327491 0.323840 0.331504 0.429810 0.364498 0.387687 0.414245 0.372761 0.437708 0.337596 0.448886 0.471477 0.469433 0.453341 0.489112 0.567977 0.554234 0.564848 0.558519 0.533910 0.564945 0.797781 0.841954 0.885699 0.760309 0.825008 0.877844 0.954829 0.831331 0.874508 0.947319 0.921383 0.814107 0.814485 0.862694 0.823112 0.876034 0.916598 0.858671 0.859414 0.787492 0.792535 0.836649 0.616689 0.619833 0.584756 0.598253 0.466133 0.560906 0.395077 0.502700 0.549762 0.431244 0.449327 0.410525 0.358630 0.382517 0.391562 0.368908 0.374496 0.333298 0.266243 0.379230 0.311753 0.256846 0.265869 0.261138 0.275076 0.285718 0.250020 0.198370 0.246438 0.333421 0.270464 0.309219 0.214755 0.263061 0.250530 0.350287 0.320782 0.186353 0.234620 0.301158 0.207705 0.159889 0.245454 0.278744 0.253007 0.239467 0.302409 0.261904 0.221779 0.233535 0.233262 0.284509 0.264290
0.184955 0.270901 0.199037 0.232962 0.306227 0.183665 0.221218 0.232385 0.202125 0.298497 0.229213 0.252785 0.244981 0.287540 0.269968 0.299747 0.212805 0.243283 0.293888 0.282181 0.286953 0.270447 0.234633 0.277179 0.263094 0.291195 0.249715 0.245779 0.277631 0.332282 0.350107 0.274597 0.336976 0.338479 0.258213 0.318522 0.386093 0.400116 0.336631 0.383527 0.362164 0.363648 0.409375 0.473636 0.427386 0.470070 0.433640 0.502327 0.445618 0.546986 0.646361 0.577411 0.575912 0.856395 0.797654 0.890273 0.854784 0.851069 0.923568 0.850056 0.905214 0.865971 0.861484 0.962517 0.892651 0.882675 0.976092 0.915248 0.963263 0.922257 0.899073 0.819609 0.893166 0.801519 0.848798 0.604206 0.632516 0.603609 0.505803 0.569180 0.496935 0.522119 0.491217 0.455305 0.443026 0.455457 0.452086 0.444487 0.346555 0.384022 0.401159 0.459778 0.330244 0.328022 0.384078 0.294078 0.290719 0.361976 0.327543 0.318157 0.286161 0.232869 0.277058 0.267583 0.198291 0.258630 0.257721 0.283237 0.248310 0.287850 0.238850 0.314249 0.350128 0.221367 0.302342 0.286384 0.292097 0.244475 0.257401 0.267432 0.259935 0.310673 0.342903 0.229700 0.202093 0.212862 0.309393 0.270025
0.255043 0.192442 0.239576 0.238332 0.319424 0.253019 0.295904 0.234395 0.282163 0.243628 0.282274 0.291516 0.196881 0.306447 0.329173 0.321509 0.263704 0.297231 0.270430 0.248433 0.228937 0.237250 0.275358 0.269366 0.315722 0.250880 0.313483 0.218500 0.272823 0.283842 0.333596 0.378236 0.268618 0.285608 0.316745 0.207962 0.394000 0.362096 0.450651 0.350475 0.396833 0.354491 0.337251 0.418620 0.514071 0.430191 0.587750 0.546034 0.515203 0.527646 0.612912 0.558548 0.585813 0.881060 0.868568 0.844766 0.850722 0.928695 0.913899 0.929077 0.830765 0.920910 0.935431 0.916930 0.922704 0.841757 0.892689 0.783652 0.913592 0.854196 0.871995 0.893311 0.880461 0.823140 0.842583 0.564624 0.619322 0.594064 0.546723 0.487758 0.493827 0.500194 0.479324 0.432961 0.446908 0.457631 0.380290 0.362394 0.349718 0.378124 0.396192 0.403766 0.355723 0.313857 0.275096 0.336585 0.315152 0.289470 0.358597 0.257057 0.307988 0.234690 0.289759 0.292808 0.221494 0.362074 0.313181 0.197260 0.268423 0.282471 0.298758 0.237318 0.224094 0.224892 0.228440 0.243901 0.233502 0.263762 0.214530 0.241584 0.259701 0.281235 0.286072 0.299730 0.250358 0.241620 0.247388 0.208340
0.215999 0.183565 0.208490 0.252315 0.314312 0.285793 0.254742 0.220037 0.293659 0.272501 0.243979 0.288831 0.207661 0.260857 0.284408 0.188902 0.244255 0.247458 0.193120 0.261642 0.251056 0.232252 0.234609 0.318291 0.229740 0.322014 0.271243 0.305711 0.267623 0.334561 0.275054 0.343373 0.360702 0.283921 0.360285 0.315295 0.397291 0.393636 0.353640 0.394617 0.414181 0.365519 0.506961 0.445276 0.497117 0.532870 0.455522 0.465231 0.484431 0.578562 0.557496 0.622155 0.635880 0.811631 0.889744 0.855740 0.821606 0.898734 0.857876 0.906125 0.866387 0.932671 0.898019 0.897754 0.882030 0.976380 0.893671 0.954138 0.765805 0.879366 0.857662 0.870296 0.878703 0.786043 0.908207 0.641085 0.596070 0.567073 0.560783 0.496059 0.503571 0.484529 0.459520 0.496880 0.435287 0.451731 0.460481 0.434271 0.444835 0.370911 0.383965 0.327596 0.302480 0.344662 0.335408 0.305808 0.333522 0.275949 0.240547 0.240557 0.283232 0.300554 0.322654 0.290138 0.246752 0.234324 0.187438 0.253394 0.322465 0.251587 0.285016 0.277777 0.285908 0.299195 0.306407 0.253652 0.172634 0.294925 0.264275 0.262676 0.264517 0.235271 0.195706 0.231609 0.303778 0.253958 0.260397 0.249135
0.293810 0.220092 0.266737 0.237410 0.294053 0.216443 0.328721 0.278707 0.309315 0.281677 0.203301 0.269620 0.281935 0.289443 0.259638 0.311817 0.234786 0.255924 0.297304 0.240070 0.210060 0.356068 0.294610 0.214430 0.300613 0.278679 0.272040 0.272955 0.298174 0.333654 0.294751 0.319745 0.343815 0.352513 0.303742 0.306715 0.341142 0.326243 0.311513 0.404240 0.447542 0.429102 0.396306 0.334273 0.467411 0.484923 0.435363 0.573608 0.566258 0.558827 0.619893 0.561801 0.621628 0.811997 0.833660 0.947992 0.886464 0.809376 0.860479 0.920745 0.830275 0.854049 0.861400 0.889337 0.943944 0.928662 0.904699 0.907260 0.934051 0.818630 0.867455 0.869906 0.831595 0.804479 0.862325 0.598153 0.630339 0.612471 0.521583 0.530149 0.500869 0.490993 0.461228 0.413724 0.359795 0.370707 0.405232 0.432751 0.343104 0.371370 0.377148 0.339452 0.281740 0.309461 0.337188 0.313989 0.364553 0.383180 0.364607 0.282692 0.362270 0.237388 0.290831 0.293986 0.263032 0.257206 0.260062 0.292456 0.269235 0.273915 0.300871 0.189045 0.255069 0.249735 0.182264 0.242874 0.239593 0.212800 0.245696 0.215561 0.226153 0.277746 0.213597 0.195234 0.278539 0.285162 0.245982 0.210172
0.168893 0.217821 0.289210 0.246517 0.307086 0.223278 0.208339 0.172855 0.155720 0.139637 0.176745 0.309193 0.280539 0.247092 0.252053 0.296102 0.291981 0.219772 0.239363 0.217747 0.244218 0.307042 0.262064 0.250417 0.229377 0.209757 0.337084 0.247659 0.266611 0.336695 0.362851 0.289857 0.358438 0.426012 0.400050 0.323266 0.397683 0.334801 0.370049 0.403043 0.371559 0.360173 0.411376 0.488508 0.492152 0.499232 0.488658 0.529457 0.527382 0.538567 0.526186 0.544242 0.570026 0.843072 0.851927 0.879071 0.735203 0.864883 0.849180 0.762930 0.859472 0.913620 0.891651 0.887942 0.893298 0.910764 0.873216 0.868680 0.845796 0.925055 0.882259 0.804735 0.786880 0.853316 0.819548 0.543131 0.514129 0.490902 0.593849 0.578308 0.549470 0.472645 0.447067 0.434172 0.347206 0.470398 0.454211 0.379560 0.352006 0.407312 0.343578 0.365992 0.286936 0.402072 0.301751 0.210049 0.335339 0.351952 0.273344 0.365306 0.344699 0.303800 0.272426 0.310530 0.273475 0.296881 0.249777 0.254967 0.260674 0.299514 0.241718 0.220041 0.305810 0.224057 0.321507 0.245474 0.226543 0.219567 0.264439 0.249501 0.223677 0.291972 0.258795 0.259835 0.281737 0.298879 0.293631 0.249649
0.256978 0.313991 0.193713 0.293918 0.290858 0.226107 0.186306 0.264601 0.238800 0.274389 0.170891 0.291974 0.318730 0.216617 0.214009 0.324647 0.285550 0.262964 0.300231 0.246529 0.237425 0.327002 0.251026 0.291241 0.247523 0.196788 0.314805 0.323638 0.253394 0.383792 0.370888 0.282895 0.308262 0.348568 0.348350 0.310597 0.361199 0.376190 0.280199 0.389592 0.409918 0.379338 0.422264 0.479475 0.432931 0.408257 0.434467 0.507009 0.583259 0.609399 0.504048 0.553034 0.589748 0.833856 0.803869 0.856543 0.805639 0.806582 0.834815 0.889403 0.895771 0.867148 0.864694 0.921569 0.872542 0.866554 0.930297 0.870225 0.811140 0.891688 0.917700 0.844800 0.861414 0.836964 0.881144 0.524652 0.561945 0.593726 0.557358 0.565896 0.511552 0.514789 0.496967 0.493476 0.471574 0.443392 0.439402 0.445321 0.376912 0.341820 0.413809 0.318402 0.362409 0.421417 0.342675 0.337569 0.398199 0.281116 0.302796 0.331103 0.312791 0.291374 0.187762 0.253975 0.285476 0.277744 0.248475 0.277370 0.239049 0.341699 0.268671 0.233485 0.222815 0.272475 0.279131 0.270258 0.286873 0.149293 0.258202 0.297503 0.300549 0.260565 0.224756 0.226368 0.307612 0.236199 0.233800 0.145490
0.197420 0.226607 0.237138 0.257768 0.263640 0.281536 0.262810 0.248120 0.249678 0.298986 0.273839 0.184370 0.249302 0.268407 0.275797 0.191191 0.248375 0.277851 0.229685 0.241913 0.239397 0.295140 0.224912 0.231726 0.222397 0.359829 0.305748 0.285803 0.302448 0.392535 0.309535 0.377078 0.285397 0.276176 0.318596 0.352554 0.376844 0.360408 0.422515 0.435845 0.479923 0.402525 0.385134 0.462074 0.447272 0.491358 0.465311 0.539336 0.569959 0.578575 0.597980 0.605490 0.594372 0.739773 0.796092 0.850593 0.886483 0.793393 0.945418 0.884438 0.933420 0.861869 0.949506 0.863619 0.980453 0.874728 0.951535 0.881745 0.906447 0.914413 0.890741 0.861381 0.817935 0.855454 0.837604 0.560770 0.575736 0.513026 0.553904 0.510877 0.473013 0.448522 0.516777 0.433541 0.461049 0.340011 0.442164 0.379386 0.440694 0.346506 0.412345 0.346165 0.312955 0.366886 0.352933 0.292569 0.322342 0.256229 0.266136 0.290672 0.340179 0.195457 0.210507 0.197746 0.184716 0.298614 0.237502 0.225107 0.277996 0.280242 0.281972 0.322808 0.224514 0.241958 0.227954 0.295252 0.242579 0.231549 0.260517 0.255280 0.284454 0.287624 0.243832 0.237743 0.223918 0.237171 0.340681 0.256947
0.224564 0.299485 0.241128 0.147865 0.236456 0.242445 0.302165 0.310483 0.279614 0.305456 0.230652 0.220851 0.247520 0.254385 0.263416 0.249159 0.264272 0.275298 0.235288 0.287556 0.254601 0.249279 0.263217 0.322772 0.310815 0.302548 0.280239 0.214854 0.301267 0.256638 0.294384 0.302468 0.306624 0.310837 0.309874 0.383577 0.359526 0.368538 0.394450 0.404938 0.399048 0.389617 0.451531 0.473476 0.451648 0.528389 0.456568 0.539322 0.425653 0.560419 0.589542 0.536141 0.560044 0.788511 0.776134 0.865900 0.921241 0.833173 0.891114 0.847696 0.772817 0.864031 0.902716 0.864771 0.890054 0.924291 0.847174 0.906581 0.871385 0.873474 0.910306 0.856150 0.797408 0.832266 0.810604 0.594371 0.549575 0.584222 0.619386 0.441499 0.549965 0.562380 0.517391 0.483857 0.411896 0.415483 0.452498 0.355198 0.397872 0.412276 0.366743 0.354963 0.329423 0.306158 0.400315 0.363916 0.343591 0.292178 0.290853 0.329166 0.315639 0.238303 0.276532 0.266674 0.212122 0.269785 0.273033 0.242369 0.229475 0.331311 0.245870 0.253948 0.236538 0.218426 0.290349 0.282115 0.221699 0.245936 0.225372 0.227157 0.278867 0.224855 0.234068 0.260369 0.240972 0.263838 0.281798 0.264430
0.314389 0.250096 0.264454 0.299742 0.188767 0.207445 0.239954 0.267391 0.284039 0.211076 0.261544 0.236743 0.210077 0.239937 0.254373 0.215122 0.278816 0.160352 0.262288 0.294207 0.269677 0.241138 0.208550 0.248113 0.253088 0.208686 0.289710 0.310564 0.263692 0.298274 0.332899 0.355191 0.269615 0.360451 0.342776 0.345784 0.436907 0.359655 0.286430 0.419265 0.391502 0.413225 0.389082 0.451165 0.519542 0.520247 0.492453 0.504828 0.572434 0.579034 0.625166 0.569298 0.608233 0.814579 0.830610 0.830519 0.870220 0.912110 0.852567 0.917549 0.859493 0.948608 0.913137 0.860650 0.818473 0.879614 0.939828 0.839811 0.884234 0.855198 0.857500 0.865520 0.823853 0.853625 0.829610 0.569352 0.642572 0.563964 0.505798 0.587909 0.572660 0.519029 0.570524 0.430630 0.485921 0.379447 0.479670 0.427846 0.426641 0.340800 0.361207 0.354330 0.337624 0.334908 0.358123 0.379412 0.363508 0.333171 0.251788 0.284334 0.223683 0.296717 0.346378 0.300568 0.291825 0.274066 0.243804 0.344523 0.311664 0.242811 0.244230 0.233036 0.293418 0.245255 0.235561 0.338685 0.240576 0.301024 0.209618 0.241979 0.244253 0.293657 0.235930 0.305483 0.233674 0.241977 0.291646 0.208534
0.252494 0.233125 0.253040 0.276425 0.263117 0.300258 0.285160 0.230350 0.264888 0.241651 0.210477 0.235150 0.274072 0.175872 0.270580 0.304295 0.270546 0.217532 0.312134 0.271214 0.316512 0.242755 0.324277 0.237108 0.318956 0.215759 0.306065 0.313539 0.264694 0.332618 0.292280 0.287099 0.318147 0.330933 0.413978 0.417044 0.401147 0.334215 0.362655 0.330976 0.351040 0.441791 0.436829 0.360054 0.499761 0.505786 0.533236 0.525204 0.460603 0.579428 0.583765 0.620363 0.602283 0.772335 0.849651 0.857356 0.865418 0.852018 0.857145 0.797968 0.837178 0.886134 0.792905 0.830563 0.883382 0.921528 0.928909 0.897216 0.899947 0.923564 0.954957 0.860553 0.813758 0.828422 0.755043 0.585004 0.612206 0.607822 0.581093 0.537047 0.558949 0.550365 0.502563 0.437780 0.427805 0.434754 0.387287 0.429707 0.481795 0.355667 0.454598 0.313938 0.348173 0.332418 0.330570 0.334474 0.270019 0.291182 0.388189 0.247937 0.313900 0.284562 0.311485 0.284300 0.223039 0.234073 0.304679 0.314032 0.300422 0.256318 0.269455 0.282991 0.219250 0.291021 0.191800 0.313740 0.239646 0.287899 0.280130 0.193380 0.254308 0.225655 0.264387 0.198445 0.289644 0.293849 0.240026 0.363591
0.203040 0.226512 0.252131 0.242970 0.225536 0.298338 0.256985 0.223815 0.234167 0.147565 0.324571 0.213212 0.258487 0.263406 0.236639 0.228874 0.209526 0.162988 0.293516 0.278878 0.232056 0.270088 0.251983 0.249295 0.261736 0.318918 0.289296 0.239077 0.320656 0.263650 0.324312 0.330051 0.188947 0.332058 0.301399 0.333193 0.426457 0.381176 0.373100 0.304510 0.464898 0.409824 0.469635 0.445069 0.442758 0.413079 0.509725 0.469238 0.571854 0.601067 0.516815 0.523581 0.541894 0.774468 0.814220 0.796991 0.762272 0.860344 0.804611 0.825132 0.871086 0.828124 0.894774 0.914419 0.909914 0.923539 0.930388 0.874818 0.850754 0.819642 0.895195 0.783652 0.868789 0.785219 0.803302 0.602264 0.506750 0.587918 0.514742 0.486497 0.489601 0.494537 0.509155 0.501399 0.456528 0.410482 0.406322 0.401185 0.345118 0.353465 0.356986 0.214008 0.331344 0.300154 0.372226 0.336524 0.236566 0.312535 0.204008 0.348653 0.243915 0.272449 0.316632 0.244368 0.251185 0.221403 0.310827 0.338183 0.260391 0.233177 0.261616 0.247518 0.271706 0.262709 0.274554 0.264776 0.227633 0.187659 0.214803 0.248871 0.289593 0.229177 0.272485 0.217970 0.230424 0.245487 0.307743 0.242564
0.270968 0.241830 0.240577 0.305616 0.283675 0.159459 0.292849 0.253679 0.205293 0.245905 0.238981 0.244244 0.288474 0.219056 0.260010 0.270754 0.241787 0.229940 0.301603 0.289324 0.299719 0.262694 0.311826 0.334676 0.253205 0.255075 0.329450 0.300697 0.338811 0.317667 0.307115 0.311810 0.304910 0.338736 0.325155 0.312927 0.409229 0.348475 0.397611 0.334022 0.387495 0.391581 0.395536 0.444733 0.493129 0.476648 0.547466 0.513488 0.508844 0.567789 0.533478 0.521677 0.609162 0.753731 0.795695 0.770843 0.861647 0.799129 0.891779 0.870197 0.828420 0.827770 0.869860 0.910574 0.910170 0.980281 0.971684 0.864519 0.872474 0.807824 0.822057 0.788360 0.838698 0.811608 0.844328 0.603907 0.532008 0.552173 0.476907 0.531680 0.509983 0.439595 0.493526 0.478799 0.514855 0.400691 0.432231 0.401111 0.459538 0.421760 0.389794 0.367785 0.320451 0.304624 0.262170 0.284429 0.304675 0.301791 0.284933 0.360716 0.320454 0.212254 0.258895 0.303612 0.281657 0.283780 0.230257 0.262367 0.373241 0.249655 0.237473 0.242123 0.242557 0.311093 0.231863 0.289079 0.267324 0.228459 0.211012 0.224975 0.280301 0.209817 0.389819 0.287301 0.282522 0.296234 0.262529 0.289600
0.252100 0.305821 0.174143 0.255458 0.198405 0.220393 0.291413 0.280641 0.229677 0.229458 0.222189 0.255769 0.242514 0.198003 0.238008 0.280518 0.257882 0.272622 0.251645 0.281159 0.209519 0.221916 0.238571 0.312998 0.309915 0.287508 0.304493 0.296969 0.395825 0.284167 0.371548 0.312345 0.322470 0.287850 0.318317 0.366770 0.303633 0.345938 0.368162 0.360449 0.429938 0.442839 0.420969 0.464522 0.484772 0.466698 0.432015 0.579302 0.477874 0.578352 0.643238 0.598435 0.654818 0.785765 0.819920 0.887583 0.813311 0.809609 0.858631 0.879045 0.880465 0.852999 0.913992 0.881126 0.826991 0.864439 0.889490 0.893544 0.917658 0.823184 0.802498 0.853415 0.769429 0.807210 0.787633 0.624548 0.590499 0.584371 0.502891 0.454786 0.519080 0.504799 0.550511 0.446880 0.382265 0.413950 0.453760 0.385188 0.352919 0.361205 0.393340 0.299511 0.289750 0.354085 0.397405 0.303733 0.355569 0.259177 0.268239 0.223211 0.302870 0.250913 0.297845 0.307154 0.260366 0.303184 0.215187 0.328238 0.225538 0.243925 0.234243 0.258327 0.218955 0.285688 0.262800 0.372789 0.275042 0.270367 0.300495 0.223517 0.222483 0.237655 0.149483 0.267923 0.210746 0.307680 0.192545 0.251269
0.135822 0.148071 0.281142 0.278447 0.216219 0.277136 0.265037 0.331798 0.221128 0.244753 0.275698 0.253589 0.349142 0.299969 0.245911 0.322505 0.241447 0.196632 0.289992 0.281944 0.257198 0.287892 0.201756 0.241813 0.271851 0.300555 0.294383 0.307728 0.294316 0.247451 0.283751 0.285907 0.329605 0.360681 0.297329 0.316320 0.344828 0.414331 0.390136 0.356143 0.402101 0.363175 0.475751 0.487744 0.490125 0.447664 0.484221 0.469898 0.586656 0.526315 0.563218 0.588749 0.560654 0.817758 0.834297 0.805955 0.823324 0.822968 0.893151 0.898992 0.894340 0.905862 0.908682 0.897707 0.872695 0.911649 0.898013 0.891151 0.905633 0.834614 0.778199 0.839514 0.848899 0.817080 0.831361 0.571106 0.590219 0.543606 0.530341 0.501057 0.560594 0.553377 0.447521 0.355495 0.378377 0.439865 0.437626 0.380902 0.363605 0.382457 0.394321 0.339048 0.316335 0.345358 0.341771 0.324205 0.261002 0.342608 0.288795 0.254019 0.289036 0.245102 0.295410 0.307690 0.252334 0.369146 0.254366 0.288903 0.236483 0.277024 0.223700 0.267910 0.319545 0.201816 0.196910 0.220929 0.257556 0.284435 0.262149 0.290148 0.244787 0.220426 0.259411 0.205914 0.234197 0.242553 0.199597 0.294183
0.272083 0.185432 0.282168 0.236734 0.233974 0.253648 0.237022 0.305414 0.219183 0.198865 0.218559 0.257705 0.163148 0.206376 0.203192 0.163792 0.242683 0.238147 0.269325 0.252249 0.216963 0.225085 0.299986 0.227286 0.300183 0.281590 0.253963 0.285461 0.253391 0.335112 0.231504 0.296813 0.276381 0.334197 0.306349 0.315041 0.363626 0.326804 0.421508 0.370821 0.391696 0.399896 0.342771 0.422098 0.381709 0.494064 0.383491 0.457623 0.529036 0.598549 0.580494 0.554094 0.562661 0.814546 0.819887 0.756965 0.897006 0.875970 0.874233 0.859413 0.847832 0.901441 0.863304 0.877282 0.903000 0.900913 0.889465 0.881209 0.816023 0.765048 0.938514 0.826242 0.767131 0.832239 0.773539 0.600239 0.575975 0.504732 0.493848 0.467794 0.530729 0.441114 0.469728 0.484524 0.434435 0.412692 0.433315 0.399780 0.312585 0.395943 0.312763 0.394229 0.362598 0.307893 0.356562 0.264588 0.367649 0.230824 0.300505 0.291250 0.211383 0.346296 0.284633 0.210998 0.263751 0.283059 0.288514 0.291104 0.196967 0.250505 0.327244 0.278370 0.247756 0.268103 0.221906 0.240802 0.252171 0.237958 0.297536 0.227102 0.293112 0.281788 0.298655 0.197621 0.252135 0.275109 0.287797 0.242640
0.186763 0.312398 0.255637 0.266875 0.292181 0.221830 0.321959 0.211963 0.294646 0.232645 0.245065 0.203913 0.241038 0.292385 0.216355 0.266434 0.256810 0.204204 0.219210 0.263642 0.220352 0.206893 0.326784 0.184203 0.263637 0.235500 0.275479 0.348140 0.288638 0.300405 0.327672 0.303227 0.368194 0.344455 0.352825 0.278476 0.381243 0.322523 0.342318 0.361861 0.441007 0.431307 0.450518 0.446886 0.498858 0.464771 0.513021 0.520523 0.533025 0.546724 0.563805 0.593059 0.570981 0.730937 0.791445 0.821821 0.841248 0.842014 0.872844 0.833847 0.852340 0.884747 0.889417 0.881773 0.892659 0.841287 0.830203 0.810182 0.935649 0.892460 0.815185 0.841612 0.838517 0.755760 0.796661 0.616426 0.517491 0.591125 0.532776 0.503714 0.430428 0.545746 0.435796 0.398438 0.402972 0.444032 0.306065 0.440329 0.277759 0.357934 0.332502 0.413772 0.375273 0.328490 0.342542 0.290629 0.352512 0.305180 0.314798 0.292399 0.314951 0.283956 0.277275 0.343126 0.266078 0.326738 0.240099 0.241186 0.279142 0.231695 0.246530 0.149056 0.229899 0.230471 0.338501 0.260185 0.247954 0.255396 0.210352 0.262528 0.269183 0.284748 0.221350 0.269362 0.233107 0.284606 0.261758 0.199864
0.282670 0.185224 0.249241 0.280543 0.248268 0.210204 0.231375 0.230861 0.285706 0.275672 0.202226 0.286313 0.285442 0.260044 0.171215 0.289879 0.270763 0.290073 0.165158 0.231860 0.266248 0.228058 0.366144 0.214108 0.292813 0.324972 0.349013 0.310954 0.309016 0.267180 0.285719 0.216246 0.268808 0.306638 0.320893 0.373233 0.366702 0.315607 0.408323 0.393586 0.315893 0.322505 0.402347 0.477708 0.457630 0.487705 0.444211 0.495119 0.479002 0.535857 0.562204 0.495406 0.498909 0.698026 0.800940 0.850708 0.829722 0.839881 0.845649 0.818250 0.894260 0.885058 0.917675 0.935682 0.873311 0.824180 0.862981 0.857351 0.815013 0.786687 0.853566 0.816408 0.815089 0.764574 0.763209 0.567783 0.528771 0.516636 0.428895 0.549323 0.495970 0.493642 0.467601 0.420058 0.484155 0.441649 0.425298 0.388627 0.385734 0.391344 0.349305 0.344222 0.271560 0.344544 0.333689 0.339068 0.235553 0.306121 0.287816 0.252542 0.262787 0.257589 0.252984 0.299678 0.275057 0.289760 0.288035 0.246217 0.244390 0.221655 0.273686 0.210508 0.283509 0.289304 0.257938 0.213931 0.268835 0.244292 0.287545 0.222874 0.268151 0.202659 0.276893 0.264271 0.279700 0.227747 0.275898 0.237034
0.221965 0.214968 0.230356 0.231730 0.313517 0.252337 0.254833 0.270002 0.275476 0.232869 0.244474 0.305412 0.234566 0.236172 0.202785 0.295411 0.274596 0.202569 0.212665 0.240487 0.327412 0.220888 0.361307 0.268176 0.232798 0.227228 0.311961 0.221084 0.273851 0.315593 0.241605 0.306332 0.261898 0.353459 0.290754 0.356088 0.398741 0.378673 0.361674 0.375900 0.355265 0.399710 0.456852 0.459373 0.404115 0.516822 0.439158 0.445182 0.509031 0.559497 0.552382 0.465679 0.588787 0.748651 0.796203 0.834760 0.878995 0.821872 0.832821 0.846129 0.882345 0.796710 0.828802 0.777404 0.915083 0.860854 0.840358 0.894954 0.822151 0.835340 0.863849 0.800714 0.848915 0.835827 0.772987 0.568020 0.574040 0.515165 0.469652 0.517073 0.467739 0.450191 0.445545 0.406192 0.411195 0.335106 0.441938 0.385926 0.348488 0.337406 0.375208 0.340731 0.338530 0.259272 0.271965 0.329955 0.306028 0.376770 0.267334 0.308410 0.223725 0.211554 0.249329 0.235236 0.232379 0.271740 0.258106 0.255133 0.307463 0.266102 0.199769 0.289023 0.280611 0.228571 0.282654 0.278102 0.228467 0.238084 0.286345 0.190409 0.238512 0.196954 0.190480 0.262758 0.358630 0.356277 0.339257 0.244610
0.182925 0.324369 0.216028 0.318318 0.242830 0.246691 0.258426 0.260496 0.266430 0.171885 0.282142 0.244097 0.270230 0.249800 0.235425 0.286986 0.276565 0.276853 0.267630 0.223356 0.263654 0.216279 0.299475 0.200288 0.242067 0.142914 0.224324 0.275578 0.263176 0.266826 0.356889 0.297728 0.276663 0.291190 0.348218 0.314131 0.317805 0.377252 0.361880 0.337065 0.414306 0.411742 0.416099 0.465020 0.500291 0.491148 0.497344 0.478313 0.471898 0.583748 0.520723 0.538917 0.594559 0.813058 0.803800 0.830802 0.840889 0.825182 0.844558 0.889019 0.874078 0.877514 0.799376 0.857125 0.876101 0.793065 0.881596 0.844777 0.852543 0.811582 0.748063 0.779484 0.819763 0.737363 0.802246 0.542016 0.522782 0.543069 0.561117 0.506890 0.523216 0.415340 0.523651 0.450762 0.480979 0.449726 0.395616 0.455711 0.351050 0.387968 0.438798 0.285882 0.335270 0.394428 0.398821 0.248751 0.287499 0.298722 0.269911 0.244472 0.316862 0.335448 0.254373 0.298591 0.306645 0.311123 0.247904 0.232391 0.245723 0.326937 0.252066 0.224090 0.208368 0.278523 0.270141 0.217819 0.275048 0.224790 0.232755 0.243161 0.186151 0.223839 0.196584 0.258116 0.299678 0.314979 0.294984 0.302994
0.241728 0.288708 0.303383 0.170843 0.228264 0.252422 0.362371 0.268265 0.161812 0.220721 0.303761 0.281734 0.278161 0.279619 0.297054 0.205942 0.242876 0.203105 0.252610 0.165605 0.291646 0.274500 0.312916 0.382859 0.280996 0.236194 0.285239 0.328375 0.312788 0.300102 0.208234 0.335491 0.276285 0.253135 0.335104 0.375038 0.313728 0.325051 0.314683 0.399376 0.329513 0.351567 0.377321 0.440240 0.495715 0.427709 0.432169 0.471599 0.512831 0.548229 0.541577 0.488675 0.509483 0.738477 0.782938 0.817043 0.863718 0.807285 0.843002 0.877343 0.790604 0.822600 0.871436 0.851021 0.733446 0.791992 0.835620 0.835631 0.797915 0.867699 0.805771 0.865637 0.778266 0.728563 0.754884 0.574486 0.493629 0.647874 0.440523 0.511812 0.563681 0.487029 0.428837 0.355398 0.420794 0.469223 0.348136 0.411645 0.432966 0.396639 0.390190 0.341131 0.355208 0.284303 0.331390 0.300950 0.238978 0.300990 0.195294 0.272487 0.249935 0.269085 0.236171 0.305044 0.267091 0.265338 0.244097 0.283389 0.299669 0.256395 0.223444 0.237755 0.268080 0.185247 0.249487 0.249315 0.242339 0.307445 0.244158 0.230106 0.238640 0.240475 0.184056 0.332377 0.284016 0.248372 0.218460 0.203892
0.246328 0.217758 0.230493 0.296023 0.235687 0.248468 0.293187 0.229416 0.253625 0.236302 0.320980 0.184819 0.249456 0.248221 0.187286 0.266050 0.311842 0.299353 0.296732 0.259418 0.199394 0.278527 0.211142 0.261962 0.306292 0.245067 0.247544 0.225323 0.251465 0.240003 0.313395 0.332768 0.189369 0.327372 0.256896 0.378433 0.345741 0.373767 0.378924 0.383195 0.384105 0.433013 0.434035 0.447098 0.507050 0.401418 0.477690 0.452279 0.461799 0.513301 0.571188 0.494172 0.542849 0.722849 0.717820 0.798437 0.821691 0.889693 0.784523 0.804018 0.802152 0.885990 0.799448 0.815140 0.834597 0.854494 0.859118 0.826965 0.807371 0.853353 0.829557 0.772380 0.860478 0.842526 0.765407 0.518139 0.598072 0.583259 0.517712 0.471699 0.539931 0.430939 0.505162 0.420624 0.411933 0.418863 0.413752 0.280181 0.385424 0.349160 0.310986 0.323909 0.256433 0.313322 0.277521 0.350389 0.287262 0.336136 0.271649 0.239924 0.373761 0.246928 0.203448 0.202787 0.254200 0.295686 0.197990 0.319671 0.322842 0.414751 0.323955 0.288557 0.270678 0.334794 0.237624 0.258868 0.286447 0.162373 0.218509 0.248421 0.226714 0.278276 0.319001 0.279757 0.249695 0.273898 0.213050 0.264709
0.175244 0.290832 0.211181 0.272536 0.252196 0.305005 0.201888 0.240645 0.284198 0.280728 0.211742 0.278102 0.305303 0.225554 0.293540 0.200004 0.234853 0.342550 0.257541 0.211992 0.294594 0.280900 0.305364 0.249353 0.267703 0.232756 0.288861 0.276829 0.306630 0.244547 0.328629 0.311320 0.290991 0.339333 0.311512 0.360900 0.313914 0.335099 0.342768 0.340729 0.399108 0.423560 0.372727 0.519221 0.431532 0.378007 0.411965 0.431208 0.500552 0.477985 0.504600 0.561222 0.573480 0.735272 0.740887 0.833790 0.785881 0.733477 0.873862 0.817252 0.832128 0.799700 0.819250 0.845782 0.830681 0.887021 0.876824 0.759500 0.786180 0.810313 0.793136 0.841151 0.860415 0.732566 0.759981 0.496883 0.527254 0.559507 0.580105 0.522019 0.483295 0.448247 0.449543 0.435793 0.445081 0.459418 0.369655 0.306097 0.390683 0.393526 0.313580 0.328412 0.368625 0.303168 0.329647 0.348642 0.337281 0.272795 0.369454 0.280911 0.298901 0.256710 0.329215 0.346703 0.279759 0.346304 0.249154 0.251760 0.200934 0.318217 0.228976 0.338212 0.241487 0.314827 0.295008 0.211441 0.236960 0.279158 0.292871 0.292302 0.241557 0.205426 0.258142 0.216302 0.171913 0.215540 0.267700 0.237192
0.214717 0.242263 0.249138 0.302209 0.229411 0.294433 0.277637 0.228950 0.214083 0.248940 0.246595 0.243489 0.193663 0.221045 0.216528 0.252733 0.243681 0.239859 0.276562 0.267059 0.204063 0.264883 0.279198 0.308758 0.256554 0.277282 0.310208 0.240552 0.248673 0.243366 0.310348 0.335409 0.328797 0.313370 0.259216 0.373769 0.384140 0.339047 0.331695 0.360622 0.351438 0.396745 0.405701 0.427489 0.440570 0.409973 0.415060 0.467798 0.497382 0.482378 0.418733 0.526008 0.546806 0.803023 0.789028 0.800621 0.790125 0.804907 0.784051 0.848284 0.861334 0.950589 0.806031 0.960380 0.803742 0.836156 0.804811 0.849262 0.845961 0.791781 0.760550 0.766984 0.803472 0.655255 0.698432 0.551921 0.585333 0.537074 0.499355 0.508879 0.478631 0.468725 0.395353 0.388586 0.381222 0.417670 0.361880 0.389241 0.343621 0.323922 0.356633 0.302511 0.343229 0.325589 0.338226 0.322685 0.278340 0.324763 0.284348 0.346118 0.268050 0.259748 0.253453 0.325330 0.213928 0.269680 0.355560 0.329871 0.262351 0.263940 0.302914 0.280368 0.301744 0.246493 0.295212 0.225004 0.192753 0.256332 0.265779 0.238709 0.292353 0.299810 0.242132 0.250623 0.198327 0.227594 0.204704 0.243667
0.224033 0.233032 0.296089 0.241985 0.288460 0.312598 0.227455 0.277006 0.273235 0.223812 0.178745 0.322846 0.339542 0.234113 0.310344 0.158954 0.298957 0.266330 0.203192 0.212146 0.253109 0.297790 0.298401 0.267781 0.312415 0.258155 0.248013 0.286607 0.324722 0.281380 0.285955 0.285284 0.314277 0.240712 0.390332 0.340780 0.356122 0.419221 0.403734 0.435832 0.374926 0.388975 0.420425 0.355684 0.391172 0.431376 0.416947 0.507636 0.430550 0.518553 0.482403 0.509071 0.590458 0.741584 0.805383 0.757055 0.800351 0.763318 0.730476 0.776977 0.796885 0.825313 0.830652 0.853653 0.799568 0.823657 0.804115 0.854416 0.825171 0.843299 0.745270 0.821178 0.764835 0.792030 0.722142 0.558407 0.518988 0.484010 0.452413 0.547788 0.478573 0.474122 0.346798 0.398705 0.436275 0.375498 0.360113 0.382133 0.331932 0.326251 0.309835 0.346238 0.298669 0.363929 0.251328 0.320376 0.320816 0.224016 0.277949 0.248041 0.240722 0.322901 0.283242 0.237477 0.223019 0.283476 0.239428 0.276514 0.298446 0.261417 0.237286 0.204196 0.265719 0.284646 0.141752 0.250429 0.265048 0.146187 0.261663 0.198610 0.270834 0.314824 0.197935 0.209858 0.238309 0.227287 0.188319 0.252812
0.203810 0.259059 0.195235 0.291513 0.243792 0.188597 0.219191 0.273664 0.243209 0.299801 0.275008 0.225638 0.304764 0.213801 0.228453 0.277256 0.309899 0.237976 0.229520 0.281653 0.248672 0.262895 0.293687 0.223637 0.243952 0.272528 0.313631 0.273523 0.234410 0.280817 0.286778 0.236310 0.323451 0.219928 0.343968 0.294501 0.256850 0.379683 0.339135 0.322042 0.367480 0.362107 0.356194 0.444923 0.399578 0.456276 0.464351 0.456403 0.470655 0.436362 0.484978 0.505509 0.570840 0.777376 0.790896 0.748562 0.772740 0.794485 0.842411 0.787112 0.841145 0.900147 0.748998 0.843289 0.850639 0.783473 0.812449 0.775120 0.812627 0.794643 0.772085 0.789965 0.809057 0.774516 0.761145 0.575371 0.466116 0.521440 0.465945 0.470994 0.477907 0.505184 0.316439 0.449724 0.365789 0.405995 0.425670 0.317659 0.343241 0.371046 0.323401 0.281234 0.326377 0.274421 0.318945 0.311226 0.259112 0.304948 0.268416 0.306646 0.262521 0.258723 0.284351 0.332563 0.274430 0.324224 0.246127 0.290527 0.292314 0.268112 0.297907 0.265523 0.285231 0.260273 0.211116 0.251305 0.222085 0.174094 0.297465 0.235092 0.239381 0.230155 0.190966 0.226477 0.300067 0.215347 0.254660 0.226465
0.259834 0.270755 0.323568 0.240713 0.284032 0.198235 0.261662 0.280951 0.319674 0.228470 0.216381 0.202039 0.195154 0.228700 0.210439 0.236586 0.196304 0.306251 0.273007 0.303603 0.260039 0.266178 0.190368 0.241326 0.196071 0.216474 0.279897 0.266201 0.290571 0.298664 0.283131 0.420811 0.285515 0.350187 0.313846 0.319945 0.375557 0.388041 0.325428 0.354244 0.404508 0.393146 0.342631 0.399609 0.415711 0.413291 0.473380 0.416961 0.483081 0.573577 0.532883 0.471225 0.493100 0.735657 0.761691 0.786249 0.795077 0.791913 0.779337 0.739925 0.823642 0.850775 0.832711 0.893679 0.882569 0.845580 0.740356 0.795572 0.840545 0.774343 0.822848 0.792916 0.781165 0.741656 0.758533 0.606734 0.551882 0.529458 0.542972 0.462837 0.468883 0.468894 0.424757 0.451202 0.337460 0.334944 0.380870 0.361636 0.354864 0.374938 0.374995 0.362655 0.339783 0.329719 0.249565 0.270455 0.305960 0.321333 0.255815 0.289226 0.342601 0.358188 0.299597 0.228500 0.288689 0.222462 0.312813 0.260275 0.281054 0.260158 0.259020 0.317106 0.212978 0.257625 0.297429 0.304663 0.252194 0.215102 0.220626 0.262460 0.256865 0.245905 0.292628 0.244856 0.207005 0.215893 0.213399 0.226115
0.256698 0.221314 0.223146 0.247010 0.210364 0.352033 0.269395 0.310874 0.211672 0.264474 0.266484 0.296121 0.250640 0.176982 0.251615 0.240220 0.220226 0.193383 0.305260 0.273399 0.264506 0.235802 0.264719 0.334061 0.339056 0.267048 0.224119 0.236819 0.289247 0.307972 0.314217 0.353423 0.306873 0.337117 0.295586 0.349980 0.341119 0.393714 0.338939 0.312009 0.405185 0.279877 0.394212 0.444319 0.366550 0.407481 0.554546 0.444444 0.494445 0.510029 0.479759 0.512555 0.534017 0.795564 0.688337 0.780464 0.745030 0.821618 0.768403 0.766739 0.787384 0.792495 0.841716 0.797713 0.793682 0.768812 0.813483 0.778763 0.820609 0.771539 0.775198 0.766857 0.807341 0.647093 0.762637 0.560867 0.519691 0.474157 0.470247 0.459840 0.426973 0.429778 0.403683 0.419156 0.421843 0.352060 0.305984 0.409394 0.342403 0.372781 0.329126 0.290847 0.338297 0.288599 0.289590 0.221511 0.215556 0.337325 0.253645 0.254554 0.259689 0.284305 0.154911 0.393143 0.273131 0.331694 0.176039 0.249554 0.220854 0.275595 0.273425 0.224238 0.244974 0.234554 0.313240 0.280712 0.295392 0.240041 0.287034 0.297433 0.215187 0.286185 0.260720 0.327747 0.251962 0.244292 0.216681 0.291745
0.203726 0.241053 0.214212 0.166270 0.261775 0.268208 0.232604 0.295585 0.224886 0.321613 0.294118 0.227417 0.148140 0.240697 0.289720 0.300975 0.340788 0.278922 0.307086 0.250196 0.196236 0.248932 0.286586 0.255546 0.216070 0.280030 0.292875 0.265964 0.303761 0.272069 0.260704 0.338532 0.331762 0.295461 0.320128 0.393624 0.372889 0.256518 0.347065 0.336297 0.295473 0.306846 0.377216 0.354564 0.378148 0.455299 0.437310 0.442338 0.494540 0.454038 0.496612 0.551063 0.539348 0.701266 0.711048 0.724687 0.742107 0.839822 0.832191 0.808393 0.815471 0.846953 0.813685 0.744138 0.829953 0.762059 0.822654 0.820213 0.842909 0.765318 0.737420 0.773305 0.810478 0.668002 0.709103 0.545086 0.524498 0.503555 0.483724 0.484445 0.435194 0.460908 0.399980 0.420819 0.344739 0.350917 0.377008 0.355585 0.325136 0.353607 0.367342 0.301141 0.358506 0.328431 0.359038 0.306690 0.273757 0.309394 0.297021 0.233576 0.248653 0.300182 0.209700 0.201472 0.315316 0.216610 0.246135 0.243263 0.250357 0.194580 0.214003 0.285405 0.248652 0.212484 0.249999 0.248650 0.288530 0.261941 0.248478 0.224078 0.275818 0.252376 0.278715 0.229416 0.278466 0.306941 0.246347 0.201720
0.289706 0.250840 0.229549 0.250259 0.224254 0.137006 0.327805 0.327852 0.309126 0.282980 0.253952 0.286120 0.251454 0.272152 0.248663 0.191121 0.248735 0.126823 0.322513 0.297221 0.261413 0.203842 0.266938 0.237357 0.236642 0.177361 0.319818 0.270028 0.288600 0.278704 0.288652 0.327561 0.333724 0.236490 0.336485 0.335801 0.289454 0.313935 0.343727 0.384336 0.371798 0.466023 0.354428 0.415414 0.437186 0.452539 0.490862 0.387672 0.553838 0.417764 0.426677 0.507643 0.499717 0.796895 0.689913 0.784334 0.771137 0.786860 0.717762 0.754870 0.724879 0.720336 0.800371 0.820893 0.778983 0.727112 0.759671 0.828324 0.783651 0.794113 0.759025 0.802890 0.757371 0.710593 0.779295 0.542094 0.551238 0.458021 0.449974 0.461550 0.429548 0.410495 0.444443 0.418559 0.399887 0.356161 0.403199 0.397553 0.299268 0.324732 0.354518 0.370046 0.332400 0.428938 0.249865 0.286205 0.240355 0.262891 0.206796 0.249464 0.240388 0.316434 0.232378 0.292500 0.261910 0.246565 0.183694 0.216165 0.280871 0.325439 0.287998 0.337094 0.307120 0.234490 0.305720 0.332403 0.280819 0.217627 0.271224 0.317241 0.233047 0.277097 0.295341 0.288514 0.258950 0.265395 0.284769 0.264619
0.217644 0.288528 0.161736 0.219289 0.318437 0.211961 0.214403 0.242026 0.239429 0.318161 0.232477 0.245490 0.265289 0.327664 0.300704 0.293683 0.229291 0.225612 0.209840 0.286310 0.232725 0.251605 0.273400 0.339644 0.334402 0.276690 0.312647 0.203386 0.298577 0.243068 0.259135 0.243280 0.327016 0.369250 0.358075 0.264683 0.299296 0.344004 0.348864 0.357386 0.354253 0.339013 0.431286 0.361719 0.455383 0.434569 0.437649 0.486209 0.521837 0.501394 0.454463 0.494696 0.503377 0.696339 0.731836 0.732008 0.783842 0.718147 0.709993 0.780718 0.791200 0.828481 0.764758 0.833350 0.801189 0.797238 0.758293 0.739181 0.793793 0.728339 0.813461 0.698480 0.700700 0.733935 0.716190 0.529674 0.536331 0.569890 0.536609 0.430080 0.433564 0.411832 0.427949 0.362030 0.350503 0.387291 0.366825 0.377954 0.375582 0.272808 0.339198 0.323377 0.350609 0.314904 0.275678 0.275299 0.284183 0.285801 0.269577 0.265140 0.276704 0.264636 0.253895 0.355443 0.299910 0.258931 0.264154 0.267457 0.223506 0.233334 0.194782 0.217796 0.271031 0.182175 0.257922 0.244199 0.214796 0.291235 0.258853 0.235080 0.290288 0.275041 0.232761 0.183361 0.238321 0.203520 0.266346 0.295374
0.313747 0.233590 0.285126 0.229761 0.252140 0.295046 0.254953 0.272775 0.295684 0.239538 0.280210 0.352828 0.258167 0.249984 0.285348 0.244543 0.284863 0.279341 0.240518 0.253956 0.295409 0.238380 0.193762 0.186765 0.276084 0.234279 0.218185 0.212327 0.269832 0.278425 0.307667 0.301527 0.369579 0.343739 0.309822 0.360739 0.339754 0.281044 0.367103 0.399995 0.345136 0.386883 0.378936 0.426341 0.421409 0.480063 0.376338 0.518833 0.457244 0.459170 0.451854 0.505897 0.534680 0.737752 0.719023 0.662590 0.739071 0.731223 0.755773 0.719477 0.769316 0.724426 0.764578 0.778183 0.790894 0.801983 0.764960 0.650203 0.753045 0.724797 0.726356 0.761037 0.778091 0.793103 0.724006 0.511543 0.574496 0.451909 0.482990 0.513864 0.427354 0.425522 0.382248 0.378004 0.447496 0.436012 0.332053 0.371298 0.325443 0.277420 0.340754 0.293405 0.371858 0.324882 0.323909 0.354936 0.268904 0.338173 0.163991 0.286275 0.318753 0.301777 0.338644 0.215260 0.231739 0.293138 0.259617 0.131481 0.224047 0.292354 0.189656 0.355168 0.212362 0.272624 0.268699 0.238943 0.226488 0.251698 0.183907 0.266641 0.232877 0.187144 0.298564 0.258384 0.292777 0.232104 0.171958 0.293826
0.232706 0.234740 0.218663 0.322858 0.244757 0.252769 0.362522 0.252022 0.249929 0.227524 0.165628 0.249518 0.322528 0.237784 0.326365 0.248339 0.257648 0.226371 0.284555 0.310032 0.280345 0.281183 0.262091 0.280780 0.229042 0.299015 0.274859 0.248645 0.213392 0.294602 0.307460 0.293419 0.280151 0.290726 0.333966 0.269377 0.282109 0.362687 0.328822 0.346419 0.416119 0.410096 0.356978 0.377222 0.440424 0.404293 0.403395 0.489381 0.412843 0.497229 0.387023 0.469290 0.500317 0.726865 0.644782 0.684386 0.761180 0.738887 0.704330 0.753190 0.813794 0.779608 0.715476 0.824657 0.792102 0.788006 0.779321 0.764485 0.765796 0.750852 0.704314 0.741549 0.665994 0.770086 0.788996 0.502107 0.525893 0.446857 0.508876 0.457335 0.334951 0.346383 0.397756 0.361329 0.443567 0.383998 0.380546 0.274212 0.384077 0.307526 0.313436 0.276363 0.307140 0.336048 0.234650 0.315019 0.273498 0.298332 0.280387 0.321053 0.299161 0.274201 0.189395 0.264760 0.245084 0.321647 0.344895 0.278055 0.225580 0.186973 0.253166 0.207673 0.241288 0.252527 0.235581 0.239394 0.205058 0.256142 0.240811 0.278129 0.326147 0.217926 0.136082 0.237144 0.245055 0.278684 0.254008 0.242754
0.231424 0.327496 0.237367 0.285443 0.311026 0.238209 0.249637 0.215795 0.295440 0.286303 0.264897 0.258524 0.329216 0.307798 0.207626 0.256867 0.291869 0.278074 0.287626 0.277400 0.295502 0.303341 0.309244 0.247510 0.312060 0.253318 0.233913 0.193829 0.287323 0.234542 0.265359 0.314569 0.327491 0.229637 0.340863 0.301783 0.354088 0.376937 0.315987 0.369661 0.348249 0.323111 0.365430 0.423660 0.429904 0.440096 0.409101 0.362428 0.474771 0.444163 0.468933 0.481603 0.500798 0.698909 0.722841 0.712667 0.687104 0.718046 0.785941 0.830396 0.800379 0.704121 0.722535 0.736174 0.748001 0.714310 0.780855 0.731606 0.734575 0.779745 0.725970 0.669079 0.756983 0.729978 0.675011 0.466059 0.486482 0.388646 0.513008 0.519380 0.399332 0.350119 0.344276 0.435049 0.416331 0.431901 0.348774 0.387228 0.312423 0.297070 0.287334 0.270166 0.321952 0.318468 0.366474 0.311009 0.302357 0.252258 0.298327 0.213832 0.229469 0.202092 0.316720 0.260206 0.271968 0.294713 0.274583 0.243115 0.185096 0.247482 0.266975 0.303571 0.283208 0.207350 0.278383 0.275668 0.202248 0.244367 0.232364 0.235107 0.278787 0.290793 0.217176 0.229515 0.208431 0.187481 0.273926 0.245888
0.165263 0.273572 0.196134 0.293026 0.206876 0.266159 0.236500 0.209115 0.238883 0.269455 0.238835 0.205347 0.259324 0.246792 0.223078 0.271094 0.229696 0.228181 0.275855 0.295265 0.306191 0.274660 0.247769 0.253999 0.292959 0.227970 0.299456 0.264377 0.303718 0.309759 0.281623 0.318907 0.289379 0.282695 0.377923 0.383549 0.288314 0.321254 0.398072 0.358384 0.338747 0.326878 0.386187 0.402408 0.414369 0.397830 0.423427 0.421365 0.408371 0.446243 0.460370 0.494206 0.437921 0.631675 0.689316 0.704944 0.714757 0.807095 0.783446 0.708481 0.731770 0.729170 0.843408 0.732073 0.771726 0.755033 0.699466 0.775783 0.764867 0.752842 0.744638 0.645214 0.751773 0.665541 0.762740 0.463726 0.461067 0.457640 0.423932 0.391256 0.442472 0.369249 0.438943 0.356199 0.409556 0.376478 0.417799 0.402920 0.394172 0.278322 0.363336 0.336933 0.391470 0.304966 0.321093 0.278981 0.286715 0.295139 0.311328 0.226697 0.314185 0.211750 0.318066 0.277990 0.318853 0.150371 0.323089 0.252338 0.275957 0.251373 0.279595 0.237895 0.211601 0.268370 0.219682 0.215456 0.212611 0.308708 0.224498 0.314752 0.234585 0.216096 0.228392 0.208392 0.210404 0.235383 0.145020 0.307246
0.228034 0.294294 0.188383 0.232465 0.193810 0.251934 0.253205 0.313050 0.264777 0.295947 0.259400 0.334277 0.216044 0.325557 0.251071 0.281924 0.252841 0.302771 0.233759 0.260184 0.332554 0.288572 0.275529 0.263529 0.218884 0.301882 0.308150 0.313619 0.277205 0.315721 0.283489 0.267624 0.318876 0.302260 0.312045 0.369445 0.329324 0.372354 0.375973 0.297116 0.380659 0.360411 0.388447 0.350478 0.412655 0.454169 0.391028 0.443293 0.460923 0.426889 0.482424 0.491074 0.468274 0.668513 0.729833 0.677957 0.678748 0.751854 0.704515 0.726295 0.755626 0.764386 0.797570 0.756506 0.734831 0.716828 0.687104 0.782677 0.730804 0.759442 0.735705 0.710899 0.621538 0.669973 0.695300 0.526217 0.504753 0.489544 0.450116 0.419776 0.392501 0.436640 0.418507 0.375038 0.402033 0.297311 0.373941 0.308200 0.361673 0.298315 0.301446 0.282232 0.312613 0.344084 0.289906 0.303937 0.320017 0.240260 0.330072 0.322445 0.266786 0.272597 0.223250 0.244365 0.232620 0.314936 0.249240 0.229273 0.256570 0.219188 0.161146 0.229158 0.322067 0.327083 0.248720 0.289144 0.252609 0.199751 0.272373 0.322593 0.251171 0.187764 0.300181 0.215036 0.199092 0.226411 0.207504 0.278521
0.297070 0.187176 0.236522 0.289431 0.243283 0.320090 0.269665 0.245837 0.259894 0.285966 0.254497 0.205710 0.230008 0.233594 0.318737 0.229111 0.199254 0.260587 0.254526 0.245554 0.268374 0.245745 0.253078 0.293953 0.323088 0.276094 0.266168 0.268190 0.248098 0.264914 0.225694 0.291239 0.287085 0.345069 0.222029 0.373634 0.335872 0.337485 0.319114 0.307032 0.284612 0.368623 0.306494 0.465204 0.409727 0.350862 0.420456 0.389896 0.388188 0.439194 0.393137 0.478536 0.519952 0.708065 0.662059 0.681120 0.713760 0.734335 0.754273 0.760049 0.726832 0.731189 0.778136 0.704656 0.722098 0.698990 0.688523 0.727889 0.719717 0.676586 0.755910 0.686743 0.675450 0.669400 0.647683 0.450508 0.493632 0.500413 0.485062 0.456687 0.431452 0.417877 0.428431 0.396101 0.399727 0.363662 0.351512 0.374768 0.311761 0.413825 0.237569 0.227622 0.274981 0.320996 0.251883 0.335701 0.299310 0.271193 0.220084 0.341083 0.306065 0.258865 0.316300 0.233238 0.239802 0.233809 0.319363 0.315134 0.240226 0.275551 0.280278 0.233692 0.259351 0.289853 0.223231 0.268917 0.207183 0.235642 0.277386 0.213713 0.282579 0.258218 0.237463 0.231805 0.273256 0.290276 0.270090 0.226427
0.254980 0.336629 0.213354 0.248526 0.311628 0.222248 0.153506 0.242610 0.267041 0.260576 0.227744 0.245670 0.285791 0.250021 0.250438 0.235825 0.264548 0.272607 0.244742 0.220005 0.249514 0.216417 0.277498 0.280578 0.246122 0.269311 0.244609 0.217097 0.283528 0.369269 0.236913 0.287862 0.328914 0.298772 0.400453 0.335930 0.298232 0.429839 0.313556 0.315539 0.393861 0.381285 0.384373 0.341689 0.427912 0.386244 0.442848 0.394135 0.407932 0.467091 0.453357 0.458871 0.468234 0.653177 0.686070 0.747591 0.760766 0.730392 0.709466 0.721401 0.696422 0.756305 0.761755 0.772758 0.747117 0.750839 0.718708 0.790039 0.704728 0.778977 0.647407 0.675438 0.715573 0.728987 0.700135 0.464415 0.440709 0.422020 0.425631 0.433090 0.391307 0.377655 0.374748 0.408156 0.376378 0.307453 0.279111 0.278150 0.369136 0.287097 0.301795 0.292095 0.381162 0.299021 0.232799 0.251691 0.263511 0.259250 0.318122 0.319861 0.250705 0.249165 0.217579 0.311980 0.294156 0.257559 0.203979 0.239227 0.142148 0.258821 0.277119 0.289668 0.257690 0.294642 0.309976 0.182910 0.284431 0.322742 0.169722 0.311357 0.192637 0.223436 0.209953 0.178606 0.225210 0.274179 0.303052 0.208879
0.339715 0.279312 0.271746 0.220743 0.218904 0.202259 0.230812 0.209323 0.160908 0.273338 0.249915 0.241933 0.251208 0.256097 0.219229 0.310719 0.275884 0.257633 0.248307 0.207311 0.268065 0.300387 0.322501 0.259818 0.301242 0.235601 0.253038 0.254901 0.305437 0.319794 0.268880 0.282725 0.379951 0.272564 0.244858 0.304798 0.299973 0.335994 0.343626 0.326314 0.357745 0.374061 0.341615 0.320776 0.336522 0.456356 0.482525 0.429775 0.487820 0.404927 0.418399 0.477206 0.440755 0.637584 0.645615 0.668223 0.674831 0.736374 0.631330 0.659792 0.593271 0.704171 0.697558 0.732761 0.714910 0.746940 0.709164 0.678738 0.697296 0.728461 0.738217 0.603572 0.647662 0.699046 0.695543 0.461778 0.439247 0.465745 0.415899 0.395610 0.419516 0.453469 0.451045 0.437969 0.382801 0.275722 0.353446 0.364429 0.276000 0.282112 0.370065 0.295373 0.331774 0.339602 0.285289 0.342987 0.265533 0.259974 0.229737 0.266960 0.261085 0.262890 0.278752 0.247388 0.297283 0.240837 0.192132 0.297936 0.287238 0.198420 0.202349 0.311303 0.255393 0.220734 0.195232 0.251311 0.239063 0.279075 0.243682 0.237727 0.192999 0.178115 0.266841 0.236410 0.310588 0.249203 0.187317 0.204516
0.274227 0.207936 0.245793 0.238913 0.291025 0.226479 0.241501 0.189886 0.249244 0.276058 0.244746 0.241972 0.237519 0.275423 0.227644 0.201186 0.167137 0.215501 0.190562 0.281409 0.202513 0.239556 0.268647 0.230065 0.274199 0.268930 0.262128 0.248363 0.222800 0.174236 0.239342 0.297872 0.210421 0.270078 0.285921 0.302500 0.306369 0.331475 0.270966 0.388077 0.386127 0.388913 0.365238 0.378290 0.299001 0.349560 0.321727 0.404478 0.379929 0.404646 0.473300 0.435486 0.477933 0.446450 0.529487 0.460074 0.461269 0.457353 0.519778 0.526182 0.562800 0.455949 0.508866 0.487771 0.547123 0.535412 0.476552 0.515299 0.485953 0.434949 0.501343 0.438132 0.526472 0.507495 0.464421 0.451016 0.484375 0.453101 0.385207 0.400075 0.411710 0.376249 0.393720 0.365195 0.390160 0.399131 0.321922 0.364686 0.295049 0.352344 0.282191 0.323948 0.274776 0.257375 0.308439 0.278693 0.325382 0.214096 0.251052 0.245607 0.281853 0.180724 0.250403 0.316863 0.255804 0.253463 0.261593 0.249175 0.274233 0.201049 0.228955 0.260770 0.240566 0.193682 0.325522 0.285225 0.239872 0.278072 0.227591 0.303129 0.219813 0.217923 0.178718 0.279378 0.266450 0.275741 0.228420 0.195951
0.325975 0.248460 0.228269 0.274350 0.244638 0.233378 0.200066 0.313066 0.288729 0.292838 0.215398 0.252139 0.258905 0.199795 0.301069 0.300687 0.255136 0.266549 0.206410 0.184157 0.296090 0.293573 0.244326 0.235453 0.288020 0.244328 0.229898 0.214080 0.304405 0.254268 0.257760 0.269714 0.195891 0.185170 0.315347 0.310424 0.357386 0.390724 0.355436 0.302360 0.344691 0.369973 0.412795 0.391850 0.383335 0.376134 0.395039 0.428191 0.410290 0.439971 0.440517 0.466753 0.473156 0.445931 0.440112 0.483259 0.519298 0.486227 0.551778 0.527161 0.564024 0.542149 0.485310 0.445509 0.532381 0.562362 0.459710 0.423734 0.532783 0.426088 0.531770 0.490395 0.458611 0.426610 0.477478 0.432140 0.539377 0.484208 0.388976 0.358049 0.369117 0.430958 0.413694 0.380841 0.390824 0.339852 0.345318 0.387644 0.387804 0.252770 0.257318 0.259956 0.291332 0.298081 0.349948 0.351218 0.308261 0.312213 0.314506 0.221596 0.286821 0.270098 0.325452 0.323339 0.212024 0.265765 0.233310 0.256889 0.256818 0.261264 0.214131 0.284395 0.292360 0.328114 0.252138 0.271579 0.183265 0.284490 0.282929 0.178091 0.269756 0.294242 0.238100 0.225710 0.232886 0.248938 0.182902 0.311938
0.308840 0.281912 0.217477 0.321667 0.268013 0.278798 0.311306 0.264944 0.281471 0.260328 0.282340 0.201502 0.222102 0.305498 0.332467 0.228616 0.278988 0.295690 0.225930 0.228742 0.266655 0.204104 0.184109 0.258691 0.304813 0.225848 0.256079 0.142494 0.224018 0.262448 0.313935 0.204743 0.310636 0.316294 0.337772 0.239120 0.300885 0.353326 0.326903 0.327524 0.338858 0.345570 0.330005 0.289409 0.326602 0.383572 0.355556 0.304983 0.440429 0.380757 0.486652 0.471429 0.426972 0.407319 0.411404 0.511658 0.485118 0.462467 0.575441 0.449459 0.418140 0.532833 0.487644 0.544825 0.490275 0.588789 0.482747 0.500108 0.522181 0.522382 0.498568 0.425810 0.492836 0.418358 0.477883 0.408819 0.427748 0.385261 0.368179 0.455795 0.359083 0.396170 0.312488 0.378682 0.389262 0.333833 0.326770 0.364043 0.326175 0.346717 0.277006 0.347326 0.286680 0.294749 0.293572 0.272486 0.270244 0.302160 0.209045 0.290309 0.219373 0.281521 0.306863 0.279400 0.244744 0.244680 0.236017 0.247489 0.229665 0.225297 0.275814 0.227349 0.172914 0.317198 0.286842 0.304767 0.269435 0.227841 0.233622 0.231696 0.256106 0.265950 0.268560 0.277242 0.206503 0.263130 0.244071 0.278010
0.147033 0.291693 0.220622 0.265768 0.198155 0.286840 0.325638 0.259534 0.278987 0.211299 0.266866 0.285532 0.259031 0.246270 0.215157 0.255395 0.272572 0.290199 0.198248 0.233112 0.265076 0.266748 0.340199 0.288609 0.304473 0.361036 0.233979 0.262951 0.259008 0.322472 0.260409 0.339871 0.266510 0.271011 0.273649 0.322053 0.359401 0.290852 0.358077 0.335675 0.346802 0.386754 0.281832 0.361823 0.288463 0.410311 0.321130 0.377973 0.349148 0.443306 0.460407 0.350562 0.460158 0.392723 0.398652 0.489419 0.463099 0.482185 0.556649 0.470310 0.514648 0.417719 0.460615 0.509986 0.413623 0.498040 0.481760 0.457476 0.437657 0.494827 0.488422 0.516048 0.418714 0.526405 0.486546 0.422771 0.401756 0.351143 0.439964 0.445924 0.358975 0.378265 0.324292 0.372782 0.349678 0.342133 0.389551 0.262779 0.336748 0.239382 0.290609 0.239617 0.305308 0.242668 0.245953 0.381087 0.321402 0.221258 0.203046 0.249844 0.235188 0.335940 0.244439 0.316214 0.240507 0.247623 0.265187 0.209228 0.241278 0.262155 0.214734 0.222893 0.257737 0.253344 0.236803 0.252942 0.213628 0.203705 0.194369 0.197848 0.211732 0.216549 0.242967 0.255649 0.232663 0.295302 0.259237 0.286029
0.298287 0.239664 0.230228 0.249082 0.207771 0.280913 0.235935 0.200274 0.202417 0.260556 0.241790 0.286017 0.281007 0.311419 0.241701 0.288732 0.225594 0.272821 0.220916 0.297017 0.247190 0.271998 0.232522 0.306499 0.250091 0.260221 0.221120 0.230982 0.216145 0.298537 0.242633 0.259600 0.315123 0.247919 0.261151 0.286313 0.361341 0.311862 0.331567 0.306154 0.365348 0.297783 0.348286 0.372996 0.351842 0.403691 0.384536 0.415655 0.378514 0.439263 0.423516 0.459840 0.458948 0.413480 0.406410 0.485731 0.441129 0.509139 0.469431 0.501581 0.451938 0.373636 0.477380 0.446571 0.433383 0.436831 0.469086 0.558947 0.348510 0.456509 0.552561 0.417268 0.487528 0.368704 0.433971 0.405957 0.431537 0.433921 0.489631 0.394477 0.358143 0.389942 0.368360 0.381947 0.309076 0.335624 0.343020 0.299473 0.313335 0.342142 0.256087 0.314556 0.356906 0.369680 0.276738 0.279093 0.243345 0.313387 0.310913 0.295708 0.282764 0.273681 0.358991 0.315955 0.273363 0.262025 0.315232 0.244113 0.294233 0.292701 0.218844 0.244138 0.178582 0.296662 0.245424 0.252321 0.261573 0.259862 0.254155 0.294297 0.316533 0.230372 0.254888 0.277795 0.291302 0.246373 0.225907 0.264929
0.195447 0.225615 0.244719 0.287605 0.310254 0.267965 0.289146 0.205943 0.221142 0.226950 0.255387 0.236469 0.209956 0.094764 0.249173 0.220671 0.303126 0.283525 0.306908 0.155518 0.271991 0.259067 0.255543 0.272617 0.272117 0.234374 0.244732 0.207173 0.275607 0.252402 0.274783 0.293193 0.197836 0.279289 0.269583 0.241890 0.268148 0.359327 0.253412 0.260756 0.305689 0.302738 0.314813 0.358316 0.377059 0.310333 0.283675 0.338459 0.428723 0.413211 0.465994 0.459189 0.394442 0.463846 0.380613 0.457716 0.406553 0.487102 0.445309 0.408344 0.417235 0.493680 0.487815 0.469494 0.501828 0.525205 0.449116 0.396948 0.500247 0.436932 0.414175 0.446378 0.486162 0.364151 0.482316 0.463714 0.422191 0.396543 0.365330 0.415950 0.327689 0.289757 0.385430 0.398935 0.306306 0.323431 0.354910 0.361683 0.299206 0.321440 0.352124 0.228304 0.321214 0.266237 0.285325 0.304500 0.259029 0.218843 0.259745 0.302271 0.272141 0.248542 0.221161 0.275300 0.250990 0.279156 0.240349 0.276528 0.302782 0.217108 0.291159 0.212337 0.278132 0.187709 0.215559 0.183620 0.266240 0.239169 0.172862 0.253437 0.222631 0.296276 0.225435 0.220379 0.252717 0.215994 0.285562 0.170325
0.345303 0.204977 0.242810 0.305776 0.264631 0.329594 0.284419 0.192562 0.259104 0.315957 0.305239 0.344171 0.267981 0.169497 0.234021 0.242449 0.212540 0.282813 0.232655 0.255585 0.283665 0.267395 0.227110 0.276868 0.289487 0.231113 0.282323 0.247941 0.224705 0.289096 0.293419 0.277675 0.218795 0.290902 0.190316 0.340171 0.373332 0.404020 0.307899 0.313795 0.302778 0.369445 0.355203 0.351992 0.401113 0.386955 0.383432 0.293028 0.446056 0.401309 0.411558 0.360226 0.402023 0.396814 0.425716 0.385059 0.373214 0.434852 0.500768 0.520751 0.449181 0.514888 0.437149 0.443990 0.455033 0.429624 0.453902 0.429399 0.388500 0.419392 0.446429 0.405858 0.442528 0.493548 0.391869 0.402154 0.350907 0.423956 0.428306 0.339406 0.448897 0.342654 0.297562 0.278980 0.315674 0.321607 0.292750 0.321124 0.391026 0.323095 0.314174 0.304727 0.252160 0.243863 0.252606 0.231079 0.336574 0.292977 0.283392 0.271874 0.176304 0.244650 0.202979 0.201186 0.316835 0.249787 0.247123 0.242800 0.301098 0.205225 0.247156 0.263195 0.247579 0.259111 0.244468 0.283046 0.293609 0.264986 0.257282 0.291525 0.226486 0.253521 0.361373 0.297214 0.311961 0.261827 0.278454 0.214866
0.232447 0.238158 0.243502 0.193067 0.316815 0.266474 0.186661 0.274788 0.285204 0.303764 0.242448 0.278056 0.225158 0.246507 0.286855 0.256630 0.255900 0.206618 0.282190 0.228450 0.299600 0.246668 0.279514 0.274650 0.221229 0.189235 0.308759 0.187568 0.313170 0.211922 0.347488 0.262292 0.248724 0.320484 0.261948 0.256090 0.286260 0.301577 0.351442 0.286611 0.318464 0.363985 0.341638 0.197929 0.283615 0.308540 0.348841 0.348570 0.413679 0.427681 0.403128 0.375681 0.450971 0.436499 0.486934 0.395638 0.446768 0.377432 0.434440 0.410335 0.495433 0.415312 0.465691 0.463646 0.485220 0.445622 0.407309 0.458040 0.487160 0.458060 0.392233 0.538578 0.438172 0.351558 0.457925 0.355567 0.417818 0.359366 0.478921 0.439284 0.397082 0.362305 0.346489 0.392619 0.314449 0.387051 0.353351 0.359110 0.290086 0.242995 0.308631 0.331599 0.410507 0.279068 0.259074 0.301626 0.346576 0.247204 0.307766 0.303658 0.226317 0.213512 0.322537 0.250973 0.350687 0.146629 0.282797 0.279623 0.225686 0.321972 0.302019 0.359855 0.241609 0.304069 0.285357 0.254473 0.257804 0.212173 0.237790 0.207099 0.234828 0.261368 0.294051 0.266815 0.249404 0.224438 0.271611 0.330814
0.210272 0.197596 0.203377 0.314365 0.217238 0.214655 0.323152 0.191308 0.266245 0.287873 0.250423 0.210676 0.261635 0.225840 0.203648 0.207644 0.216252 0.227795 0.253527 0.258855 0.313888 0.222168 0.245330 0.235802 0.228412 0.205114 0.284675 0.317332 0.312340 0.280849 0.258934 0.262368 0.192466 0.270490 0.329648 0.280080 0.272234 0.245045 0.313244 0.270035 0.352063 0.263103 0.320205 0.332048 0.405253 0.451979 0.332147 0.358636 0.381681 0.381640 0.392291 0.341627 0.430669 0.392580 0.382102 0.392743 0.478533 0.429379 0.391889 0.451764 0.389107 0.470806 0.442818 0.486924 0.543521 0.434823 0.384509 0.467935 0.454838 0.424766 0.387742 0.410942 0.440902 0.350141 0.422584 0.367573 0.440239 0.392259 0.416732 0.432665 0.354294 0.375250 0.407020 0.323257 0.420123 0.387308 0.373604 0.288598 0.258768 0.385305 0.272487 0.315209 0.282221 0.316623 0.307400 0.289774 0.304252 0.288879 0.251349 0.330499 0.260282 0.256165 0.251959 0.275312 0.287998 0.282147 0.252699 0.263768 0.312448 0.319329 0.207772 0.195279 0.214715 0.295029 0.220056 0.191247 0.203968 0.281286 0.230346 0.291001 0.233371 0.190055 0.213265 0.256272 0.204689 0.259728 0.244335 0.227205
0.287101 0.212383 0.283314 0.313991 0.348244 0.296839 0.244935 0.279725 0.204007 0.233928 0.228393 0.209270 0.288542 0.295356 0.237153 0.254738 0.202158 0.196472 0.339611 0.288518 0.196881 0.271609 0.241165 0.256575 0.220635 0.285408 0.286270 0.180444 0.267451 0.233788 0.368004 0.345445 0.281744 0.211599 0.296201 0.321654 0.255107 0.289340 0.291321 0.300401 0.297220 0.348363 0.354216 0.348426 0.344406 0.345269 0.334172 0.273612 0.412301 0.347989 0.431777 0.435391 0.413385 0.365782 0.418634 0.406019 0.374994 0.374162 0.464831 0.447567 0.412317 0.405085 0.471161 0.415234 0.461991 0.485630 0.442653 0.447367 0.449152 0.455864 0.462159 0.338263 0.468158 0.430752 0.410276 0.383272 0.426170 0.334344 0.344444 0.396148 0.350911 0.407993 0.320136 0.366525 0.379234 0.298566 0.299055 0.400939 0.261398 0.371110 0.359248 0.335909 0.311132 0.270106 0.317391 0.271604 0.263870 0.320040 0.366196 0.343980 0.325055 0.264862 0.246472 0.290909 0.214642 0.257422 0.277648 0.212535 0.305641 0.284090 0.292133 0.240795 0.252629 0.270103 0.261764 0.244107 0.265929 0.268998 0.256779 0.262307 0.271074 0.295087 0.262198 0.228567 0.282491 0.296798 0.258236 0.233380
0.197896 0.280480 0.172879 0.339563 0.262770 0.192068 0.278188 0.208261 0.252116 0.268171 0.300689 0.288850 0.247303 0.224866 0.260540 0.172373 0.226231 0.226118 0.241051 0.285073 0.275191 0.310084 0.326730 0.256910 0.266262 0.240659 0.261724 0.280766 0.293146 0.247798 0.242483 0.252119 0.286014 0.299832 0.325083 0.274353 0.316753 0.265724 0.333358 0.271449 0.265162 0.284524 0.383989 0.346810 0.334134 0.340177 0.314589 0.360329 0.365536 0.354792 0.421917 0.348435 0.437274 0.466936 0.410378 0.390448 0.432632 0.383428 0.401642 0.466156 0.387224 0.432561 0.482804 0.448911 0.364699 0.558310 0.509992 0.440547 0.412324 0.458237 0.521147 0.462909 0.393559 0.409358 0.422096 0.301529 0.371965 0.388585 0.402507 0.351207 0.342762 0.373673 0.329002 0.326052 0.364350 0.351753 0.275310 0.294921 0.335155 0.303100 0.323405 0.283769 0.255983 0.289122 0.210614 0.248245 0.284897 0.292919 0.283678 0.320485 0.293655 0.316796 0.239568 0.223509 0.210882 0.277632 0.215789 0.313615 0.243185 0.216604 0.272626 0.293213 0.181035 0.247970 0.314992 0.240920 0.254331 0.273799 0.245824 0.291361 0.248342 0.241287 0.240431 0.235064 0.148477 0.198748 0.197724 0.240765
0.226098 0.280230 0.248157 0.258261 0.237965 0.321500 0.250696 0.282151 0.254066 0.269545 0.301311 0.354588 0.217723 0.255123 0.222232 0.293297 0.230148 0.319187 0.228784 0.352090 0.279868 0.255417 0.256427 0.194410 0.195958 0.255645 0.289696 0.253898 0.287794 0.275698 0.223298 0.206587 0.249440 0.199481 0.343947 0.283290 0.316908 0.318786 0.346270 0.358663 0.358371 0.342446 0.344989 0.314683 0.311599 0.372042 0.384942 0.273874 0.366163 0.393232 0.364761 0.333282 0.455444 0.350516 0.515542 0.368358 0.397377 0.467840 0.454773 0.435830 0.446354 0.505151 0.426393 0.429503 0.481383 0.516104 0.424753 0.426542 0.407195 0.405025 0.372527 0.380555 0.374671 0.442373 0.427093 0.392722 0.326906 0.401262 0.330852 0.378303 0.382645 0.305551 0.335818 0.366571 0.392911 0.309549 0.286034 0.279916 0.265981 0.333793 0.254443 0.273983 0.306142 0.239828 0.276535 0.269730 0.283740 0.266234 0.292383 0.309735 0.295619 0.247880 0.262759 0.268768 0.284875 0.221129 0.256383 0.276887 0.338302 0.277607 0.216903 0.291539 0.325528 0.191744 0.232491 0.186784 0.259597 0.275056 0.276416 0.265067 0.222743 0.319870 0.250566 0.293491 0.312849 0.263427 0.195026 0.289689
0.265988 0.284235 0.247253 0.196829 0.230998 0.270897 0.233944 0.242642 0.201925 0.310735 0.277745 0.209304 0.249493 0.269633 0.277788 0.215822 0.264658 0.267663 0.212105 0.231363 0.235484 0.230627 0.245222 0.280752 0.232541 0.180958 0.342652 0.268843 0.182536 0.283107 0.248015 0.277716 0.263919 0.239833 0.264604 0.301425 0.320043 0.269166 0.298624 0.321946 0.373804 0.335776 0.289369 0.345483 0.395207 0.294174 0.407783 0.329651 0.325595 0.362148 0.334871 0.375702 0.355935 0.409930 0.479221 0.393082 0.428956 0.378022 0.478714 0.371491 0.435830 0.462231 0.393901 0.353287 0.438517 0.465172 0.397213 0.451159 0.441598 0.462577 0.383733 0.366110 0.407725 0.412412 0.365675 0.317877 0.416549 0.361138 0.338270 0.387205 0.402343 0.350444 0.336843 0.300850 0.274123 0.290669 0.329992 0.332448 0.295167 0.341881 0.374908 0.264016 0.330603 0.257441 0.242692 0.284173 0.301999 0.235462 0.258675 0.332921 0.279983 0.292735 0.263541 0.283556 0.276365 0.278800 0.281734 0.277963 0.206005 0.240820 0.295391 0.229672 0.262529 0.180936 0.289353 0.282152 0.210200 0.276395 0.295158 0.189867 0.322571 0.174823 0.296119 0.192586 0.283981 0.235905 0.225803 0.298866
0.277403 0.216629 0.295936 0.210950 0.245578 0.289332 0.224525 0.337728 0.234765 0.265923 0.277063 0.265661 0.238425 0.242382 0.281956 0.233585 0.284600 0.247358 0.294849 0.238680 0.211559 0.259925 0.215701 0.203863 0.247487 0.292889 0.267736 0.260217 0.265493 0.310528 0.341100 0.290026 0.338012 0.305958 0.292079 0.301054 0.283701 0.291762 0.314119 0.247191 0.340931 0.288273 0.367399 0.334082 0.324969 0.280244 0.321147 0.358803 0.341406 0.319918 0.352539 0.408414 0.384793 0.442292 0.407018 0.326946 0.431997 0.411692 0.460005 0.402964 0.508846 0.482105 0.344745 0.442288 0.420053 0.383319 0.360798 0.398346 0.404430 0.405550 0.404378 0.367402 0.323441 0.469625 0.326120 0.391619 0.425295 0.355978 0.370604 0.340939 0.414174 0.313559 0.337483 0.353669 0.400753 0.367890 0.255961 0.308143 0.350484 0.333371 0.261611 0.321618 0.248983 0.237295 0.210045 0.242924 0.149370 0.204473 0.347189 0.248963 0.299831 0.194290 0.250159 0.267889 0.255665 0.267041 0.260863 0.235947 0.219342 0.261195 0.215766 0.179258 0.281702 0.259187 0.251693 0.295763 0.330226 0.246230 0.239484 0.262603 0.206524 0.319181 0.266135 0.238844 0.222613 0.217083 0.274287 0.222902
0.225682 0.211668 0.285181 0.310398 0.247556 0.206344 0.198845 0.228113 0.248557 0.183485 0.212640 0.357931 0.253773 0.240993 0.237447 0.296217 0.280842 0.308588 0.251173 0.277854 0.234538 0.237583 0.275491 0.307240 0.256725 0.290906 0.242207 0.213226 0.192473 0.221727 0.343098 0.312351 0.390634 0.238436 0.293855 0.330883 0.318260 0.280057 0.282853 0.270765 0.369576 0.400515 0.264754 0.297160 0.358765 0.346786 0.378968 0.305044 0.287709 0.282077 0.422469 0.361167 0.381016 0.460263 0.441833 0.454515 0.351878 0.329061 0.367484 0.382211 0.410192 0.385572 0.421809 0.464155 0.338158 0.414883 0.456929 0.423206 0.393783 0.442907 0.410744 0.381866 0.390795 0.377516 0.395483 0.406188 0.339221 0.404827 0.294920 0.299920 0.397396 0.340388 0.357610 0.328174 0.312111 0.252217 0.339425 0.322811 0.246149 0.264262 0.260332 0.280138 0.255344 0.256334 0.163504 0.288825 0.326236 0.195963 0.349681 0.274508 0.284249 0.202734 0.224611 0.260784 0.202485 0.271988 0.257765 0.263421 0.212171 0.280462 0.263664 0.280168 0.256987 0.321362 0.299112 0.184174 0.239408 0.169224 0.252999 0.270623 0.290470 0.271770 0.235562 0.186909 0.300106 0.309334 0.292668 0.248376
0.294724 0.220355 0.192953 0.240774 0.225639 0.222893 0.243294 0.221697 0.252516 0.223316 0.199421 0.223941 0.336309 0.244437 0.293340 0.166335 0.296293 0.303979 0.281264 0.229213 0.256727 0.218924 0.247414 0.218601 0.256188 0.283685 0.288891 0.298914 0.266133 0.319829 0.288000 0.298935 0.258103 0.262907 0.241360 0.276298 0.242117 0.273098 0.391772 0.350183 0.267700 0.274493 0.288063 0.338657 0.292157 0.387450 0.342171 0.331131 0.312239 0.348595 0.341847 0.348164 0.322624 0.384876 0.402049 0.397123 0.352404 0.454977 0.382668 0.345852 0.349767 0.390156 0.414382 0.425228 0.388654 0.418686 0.440090 0.419813 0.418323 0.326375 0.331098 0.337376 0.363434 0.389046 0.361987 0.373462 0.375845 0.317153 0.415185 0.431259 0.380910 0.374289 0.282308 0.289692 0.350795 0.363257 0.334362 0.362296 0.282576 0.355475 0.264126 0.243337 0.314510 0.277258 0.247818 0.231350 0.306112 0.246415 0.285124 0.259252 0.222283 0.271945 0.257815 0.239130 0.283173 0.236544 0.286591 0.265279 0.209121 0.304563 0.253933 0.272222 0.319417 0.238116 0.208323 0.237802 0.224029 0.232907 0.301522 0.292275 0.272455 0.152949 0.226407 0.329910 0.262428 0.312931 0.308878 0.217766
0.268987 0.304838 0.288232 0.324291 0.196214 0.258767 0.285054 0.330577 0.230686 0.234012 0.200334 0.204541 0.254446 0.310337 0.215071 0.345519 0.260546 0.318515 0.235642 0.228423 0.213033 0.328722 0.226059 0.234015 0.300687 0.213424 0.287072 0.328292 0.281240 0.280395 0.223433 0.314663 0.249936 0.301102 0.352413 0.306966 0.304060 0.292832 0.325970 0.278077 0.235979 0.336760 0.351321 0.335944 0.304999 0.367327 0.271386 0.323695 0.422874 0.392472 0.369412 0.360816 0.394388 0.432044 0.412783 0.282387 0.417585 0.373162 0.430447 0.409494 0.411378 0.383599 0.356990 0.414236 0.440678 0.357042 0.376852 0.450928 0.382132 0.345523 0.363752 0.391354 0.438674 0.318434 0.468886 0.353865 0.348716 0.319935 0.343696 0.352087 0.363712 0.310944 0.300350 0.329631 0.304498 0.213650 0.253433 0.294290 0.277664 0.220663 0.359620 0.320207 0.313823 0.250163 0.314984 0.262947 0.282872 0.257732 0.307399 0.288502 0.265492 0.267434 0.246852 0.242992 0.270404 0.232738 0.219698 0.277550 0.245411 0.258247 0.177386 0.247806 0.273960 0.167981 0.323775 0.299009 0.236311 0.323784 0.261506 0.209331 0.237013 0.270658 0.272890 0.215955 0.200469 0.212054 0.338968 0.304309
0.244926 0.242592 0.221135 0.285944 0.196345 0.293911 0.272741 0.236139 0.239933 0.259192 0.247343 0.332055 0.261589 0.385301 0.180229 0.182292 0.258988 0.242418 0.256292 0.244201 0.227740 0.264942 0.343185 0.323265 0.262037 0.231782 0.257370 0.154982 0.283660 0.255279 0.182007 0.299560 0.241753 0.249976 0.315034 0.292125 0.298476 0.323340 0.258069 0.252148 0.290671 0.355830 0.289508 0.346576 0.319114 0.315495 0.311537 0.286015 0.331649 0.300931 0.349392 0.417587 0.435619 0.370458 0.383309 0.416070 0.332082 0.351778 0.340164 0.358726 0.326594 0.345178 0.365139 0.420541 0.325505 0.341769 0.349462 0.387933 0.409216 0.395462 0.427297 0.414059 0.210081 0.338901 0.305084 0.318303 0.348379 0.381955 0.312913 0.310044 0.393814 0.368678 0.253721 0.305997 0.304479 0.306187 0.365260 0.278764 0.282790 0.290873 0.285514 0.300634 0.231350 0.284776 0.274209 0.298349 0.235878 0.246503 0.224316 0.234865 0.270955 0.261706 0.296401 0.221567 0.233078 0.200666 0.203131 0.270529 0.222926 0.252585 0.196121 0.307367 0.201965 0.237835 0.264579 0.249841 0.243776 0.256742 0.256525 0.246384 0.300538 0.198212 0.274834 0.245495 0.138248 0.308367 0.255918 0.273545
0.227853 0.225403 0.281846 0.203645 0.318349 0.245701 0.234845 0.244434 0.315445 0.169994 0.203991 0.318581 0.294607 0.239892 0.180358 0.305664 0.251346 0.313480 0.243187 0.262273 0.236378 0.262231 0.261446 0.172249 0.263116 0.214766 0.258470 0.261812 0.278141 0.210868 0.354997 0.286094 0.267121 0.261845 0.253830 0.278114 0.253910 0.268372 0.277764 0.333771 0.313933 0.321017 0.317006 0.261951 0.182192 0.340609 0.257374 0.319303 0.360400 0.286730 0.351007 0.387732 0.356174 0.358013 0.393684 0.338315 0.346655 0.397579 0.404577 0.342955 0.380830 0.356750 0.415866 0.392583 0.484179 0.309346 0.357337 0.371168 0.354580 0.362752 0.408388 0.258492 0.349426 0.425240 0.336029 0.257931 0.341107 0.310194 0.316952 0.370584 0.302955 0.333988 0.335448 0.349018 0.276396 0.299278 0.296186 0.258295 0.262963 0.257421 0.270618 0.264156 0.369564 0.254871 0.213349 0.273492 0.281404 0.244909 0.320749 0.304283 0.166943 0.314436 0.225806 0.226021 0.208845 0.261849 0.263788 0.210215 0.253946 0.244363 0.196978 0.243396 0.306223 0.312265 0.271855 0.249926 0.250702 0.224325 0.268295 0.245298 0.276014 0.271575 0.193014 0.232619 0.215571 0.259390 0.269570 0.275848
0.293900 0.242809 0.247813 0.259820 0.261565 0.244159 0.228587 0.291789 0.169674 0.193628 0.224827 0.263657 0.235872 0.323107 0.262207 0.247249 0.232063 0.309216 0.247672 0.189918 0.244172 0.265516 0.261477 0.262100 0.253730 0.189334 0.271895 0.266872 0.253284 0.218040 0.312235 0.248768 0.241390 0.301423 0.253037 0.279309 0.279777 0.294400 0.377406 0.277281 0.337741 0.290415 0.221520 0.324913 0.265624 0.329183 0.292738 0.299124 0.246790 0.340145 0.361944 0.338675 0.391076 0.295779 0.391514 0.418736 0.353877 0.417240 0.417954 0.385173 0.381230 0.387255 0.342985 0.389997 0.362839 0.404861 0.325171 0.427487 0.257990 0.378359 0.321739 0.373606 0.337706 0.342078 0.360934 0.339812 0.345318 0.361668 0.362264 0.364351 0.351034 0.294974 0.269876 0.323214 0.309940 0.325169 0.322724 0.189173 0.337661 0.295797 0.324079 0.254006 0.337221 0.222855 0.284751 0.264324 0.224366 0.241475 0.308617 0.291559 0.233047 0.255377 0.304733 0.305139 0.171467 0.213419 0.178196 0.251055 0.310283 0.247233 0.237421 0.266566 0.252572 0.227298 0.221028 0.223651 0.306866 0.185311 0.275545 0.316889 0.245935 0.218825 0.279722 0.214438 0.308152 0.199821 0.275412 0.271975
0.242754 0.245575 0.218740 0.237729 0.165774 0.220220 0.276221 0.253005 0.283575 0.330206 0.264026 0.255833 0.284999 0.294362 0.272859 0.198032 0.231354 0.267012 0.236001 0.268002 0.222657 0.264141 0.251794 0.274108 0.272866 0.307590 0.255769 0.244967 0.298359 0.239160 0.297741 0.299549 0.298851 0.294974 0.355458 0.256554 0.287608 0.347486 0.253693 0.255989 0.270127 0.307984 0.275338 0.273838 0.344929 0.246031 0.336230 0.348732 0.327710 0.320599 0.336668 0.399055 0.424648 0.292764 0.331874 0.301871 0.348757 0.356205 0.391700 0.381283 0.383574 0.409623 0.427327 0.361839 0.379944 0.303107 0.430414 0.352913 0.379018 0.388268 0.341759 0.362881 0.377540 0.348992 0.280655 0.358141 0.353952 0.379899 0.292483 0.287467 0.336536 0.365366 0.390102 0.356609 0.318450 0.271729 0.316644 0.292822 0.295092 0.276413 0.306749 0.254394 0.304313 0.265974 0.222279 0.312119 0.239179 0.308723 0.274132 0.253422 0.324765 0.216020 0.255985 0.167872 0.228042 0.254956 0.181341 0.287069 0.313042 0.264864 0.244274 0.337021 0.238739 0.314541 0.227481 0.320531 0.226265 0.294222 0.275958 0.220216 0.203698 0.244493 0.293180 0.214550 0.251854 0.214380 0.229950 0.248487
0.288549 0.192825 0.228886 0.258034 0.157757 0.285118 0.257349 0.168625 0.258494 0.196716 0.250025 0.300701 0.236843 0.251559 0.247271 0.211736 0.188173 0.182715 0.259941 0.239523 0.227897 0.213189 0.256769 0.224157 0.255621 0.230824 0.308324 0.242724 0.212343 0.258678 0.214335 0.257780 0.206850 0.266000 0.254000 0.234422 0.259195 0.337552 0.213070 0.242927 0.234957 0.327398 0.262606 0.268008 0.349153 0.277075 0.369622 0.304930 0.335741 0.360070 0.351907 0.343915 0.243809 0.350594 0.336616 0.382110 0.387010 0.272979 0.318246 0.368616 0.426997 0.325642 0.364565 0.308352 0.360695 0.358745 0.364220 0.342537 0.379217 0.327941 0.409370 0.396658 0.401211 0.356660 0.320626 0.279600 0.322199 0.271956 0.280231 0.409176 0.314612 0.290934 0.292111 0.263628 0.335440 0.307007 0.257389 0.311001 0.325359 0.308176 0.261840 0.283975 0.303078 0.298856 0.262631 0.294974 0.230795 0.285667 0.229317 0.279886 0.343897 0.237562 0.319409 0.181713 0.267957 0.248320 0.262629 0.280387 0.316557 0.253185 0.264625 0.285138 0.201411 0.246711 0.237730 0.204462 0.264972 0.188433 0.274307 0.258762 0.254486 0.221017 0.255538 0.263564 0.270667 0.213090 0.256402 0.311651
0.311941 0.239573 0.258820 0.247237 0.233003 0.208160 0.270718 0.331837 0.297713 0.245794 0.264539 0.231950 0.116319 0.221678 0.285200 0.305675 0.195425 0.283678 0.253871 0.254309 0.209857 0.171253 0.173813 0.247275 0.231126 0.288780 0.292162 0.239435 0.279576 0.268922 0.325681 0.238243 0.228465 0.321973 0.281105 0.228055 0.197226 0.261859 0.289141 0.290828 0.328245 0.252106 0.273491 0.311994 0.284076 0.280098 0.346721 0.278391 0.239281 0.352330 0.321523 0.319903 0.292073 0.314578 0.322851 0.396190 0.387631 0.416098 0.347786 0.352301 0.365188 0.318871 0.400955 0.298546 0.298920 0.328835 0.278021 0.316740 0.417165 0.289828 0.365513 0.407389 0.349318 0.349387 0.354799 0.349771 0.313191 0.365825 0.327548 0.297583 0.287069 0.321568 0.240790 0.326311 0.310104 0.313646 0.201603 0.312003 0.345831 0.299663 0.293430 0.252208 0.280837 0.204091 0.282418 0.333195 0.265120 0.253495 0.208450 0.247246 0.160274 0.223243 0.290350 0.204572 0.241513 0.325653 0.263085 0.340739 0.237309 0.210947 0.218917 0.236631 0.263136 0.239608 0.252039 0.250118 0.288112 0.277609 0.320774 0.256189 0.303445 0.187992 0.263578 0.262511 0.249826 0.225465 0.267476 0.262135
0.231894 0.305373 0.230403 0.243833 0.213640 0.257599 0.276014 0.278231 0.261425 0.268959 0.244858 0.231735 0.241897 0.229923 0.232650 0.252284 0.237631 0.193798 0.264731 0.266076 0.243415 0.287973 0.247307 0.227314 0.270769 0.311163 0.305754 0.310301 0.223393 0.274077 0.204787 0.194066 0.322142 0.234870 0.296767 0.250188 0.249398 0.244329 0.332654 0.227155 0.282319 0.248047 0.236094 0.385245 0.283580 0.308873 0.271953 0.261894 0.347492 0.293167 0.326124 0.367517 0.311959 0.331236 0.317886 0.349977 0.332185 0.353124 0.286749 0.330035 0.314138 0.343791 0.299006 0.372777 0.330481 0.467873 0.353961 0.351319 0.388474 0.363386 0.353933 0.336777 0.409270 0.303380 0.287714 0.336570 0.349831 0.294950 0.322627 0.291534 0.253634 0.316301 0.332752 0.313759 0.247862 0.293190 0.288995 0.271555 0.239440 0.312255 0.251413 0.303691 0.200675 0.294905 0.305508 0.251042 0.269993 0.218706 0.283597 0.270202 0.288278 0.310961 0.217769 0.283446 0.210690 0.176637 0.212734 0.199794 0.268981 0.328665 0.255186 0.290781 0.284926 0.269477 0.278131 0.320523 0.199251 0.252273 0.215704 0.209953 0.279975 0.209587 0.282161 0.252054 0.276908 0.302483 0.308361 0.268979
0.277992 0.288057 0.270672 0.205015 0.247811 0.324608 0.207481 0.246034 0.235950 0.214721 0.239848 0.231486 0.202011 0.262044 0.261265 0.302218 0.270650 0.223630 0.244265 0.155871 0.208371 0.228925 0.248954 0.182545 0.302988 0.314188 0.350018 0.279297 0.271424 0.297937 0.304871 0.209437 0.227087 0.223950 0.262354 0.316358 0.284928 0.345600 0.252727 0.238880 0.267671 0.283255 0.217660 0.292538 0.318650 0.351166 0.289920 0.312981 0.275078 0.293284 0.303429 0.262459 0.275420 0.376895 0.412447 0.348406 0.348730 0.282425 0.338884 0.415555 0.331500 0.317651 0.338476 0.312852 0.284878 0.404578 0.280480 0.335743 0.349957 0.348455 0.373188 0.298278 0.317422 0.396949 0.302092 0.397768 0.312762 0.236243 0.317236 0.320112 0.297651 0.320844 0.290184 0.298304 0.297373 0.327339 0.315963 0.271534 0.339463 0.227480 0.314146 0.315852 0.354429 0.261957 0.280305 0.237792 0.324901 0.201630 0.283621 0.257391 0.282935 0.301592 0.285168 0.285319 0.278955 0.224031 0.240021 0.201376 0.248918 0.260445 0.268362 0.244795 0.209196 0.234085 0.137601 0.243063 0.268651 0.302394 0.294661 0.266410 0.324136 0.210140 0.294488 0.301697 0.227168 0.239675 0.211323 0.220678
0.213436 0.185906 0.256099 0.174679 0.236902 0.256843 0.307044 0.250667 0.147570 0.298627 0.202525 0.223445 0.268331 0.235889 0.224911 0.271957 0.249758 0.263425 0.236848 0.254966 0.254877 0.180926 0.254194 0.223674 0.363193 0.237229 0.252603 0.305866 0.225856 0.258259 0.300073 0.272256 0.258522 0.274488 0.241705 0.265644 0.329268 0.210917 0.281231 0.266412 0.262525 0.304677 0.284172 0.267345 0.344320 0.306445 0.276002 0.296849 0.295599 0.300397 0.350438 0.300947 0.322112 0.386083 0.309537 0.428590 0.408819 0.347827 0.374270 0.305778 0.378527 0.358796 0.351846 0.348427 0.365159 0.337714 0.337943 0.381942 0.311141 0.249909 0.406775 0.277470 0.326747 0.274057 0.335789 0.317950 0.363101 0.359919 0.310693 0.289105 0.305817 0.285610 0.284393 0.256135 0.310996 0.310002 0.265304 0.272817 0.243730 0.258370 0.311191 0.244403 0.292980 0.238435 0.270175 0.268355 0.178902 0.221254 0.235455 0.324102 0.234064 0.198196 0.180730 0.288662 0.241306 0.278687 0.302942 0.285868 0.219647 0.237174 0.293482 0.266578 0.282036 0.218350 0.205226 0.231365 0.277265 0.264463 0.205902 0.246532 0.270778 0.255003 0.245570 0.255359 0.245580 0.225563 0.307749 0.295454
0.279873 0.254363 0.288712 0.256255 0.229035 0.301875 0.256318 0.243442 0.199850 0.238655 0.182913 0.209999 0.248338 0.214261 0.217492 0.203499 0.250195 0.240436 0.270708 0.315471 0.241604 0.240331 0.248373 0.276997 0.259774 0.184483 0.199596 0.258990 0.246963 0.301010 0.252911 0.231026 0.344519 0.280353 0.256064 0.272592 0.232768 0.303154 0.280107 0.293711 0.252054 0.363035 0.201777 0.272606 0.326940 0.338308 0.301684 0.276990 0.324995 0.296651 0.248963 0.315518 0.302342 0.314405 0.335584 0.309749 0.358032 0.363527 0.341907 0.360232 0.288828 0.414685 0.312532 0.341586 0.316999 0.358512 0.319226 0.339976 0.327490 0.299657 0.416842 0.296034 0.351062 0.376514 0.344566 0.304625 0.364103 0.370492 0.296526 0.309597 0.323185 0.370508 0.310009 0.284945 0.271957 0.293958 0.340440 0.290315 0.293530 0.241402 0.289324 0.185095 0.326875 0.270713 0.258978 0.291695 0.197825 0.211635 0.216115 0.218950 0.287450 0.276007 0.227772 0.301580 0.312128 0.232218 0.257219 0.243331 0.275749 0.245309 0.311541 0.297651 0.216999 0.255440 0.219789 0.257128 0.294599 0.322601 0.228747 0.252458 0.190596 0.268335 0.277356 0.280444 0.276997 0.267694 0.224955 0.210913
0.253374 0.224243 0.335332 0.255022 0.299520 0.257153 0.277088 0.220688 0.321082 0.284857 0.285772 0.321546 0.298352 0.271919 0.238215 0.248062 0.241422 0.246718 0.251043 0.319234 0.213259 0.270780 0.283382 0.252405 0.289281 0.226024 0.289484 0.277759 0.248425 0.226804 0.202824 0.272459 0.329733 0.294046 0.250484 0.297620 0.250698 0.280532 0.329215 0.277473 0.276611 0.271638 0.264063 0.225418 0.304409 0.314273 0.275698 0.259635 0.343704 0.299022 0.336098 0.358809 0.378563 0.338151 0.290179 0.345849 0.338540 0.292878 0.360211 0.369627 0.324373 0.366414 0.358153 0.335359 0.384635 0.218397 0.305206 0.324941 0.331851 0.279169 0.324323 0.306193 0.344816 0.336402 0.276864 0.313235 0.335276 0.341753 0.310824 0.333252 0.268372 0.242748 0.293574 0.276874 0.301199 0.286696 0.283788 0.247972 0.248297 0.174335 0.271447 0.409400 0.252725 0.278670 0.228686 0.239589 0.281316 0.338538 0.251033 0.261903 0.322095 0.274334 0.225262 0.292013 0.285960 0.185696 0.259266 0.237622 0.235465 0.252701 0.284159 0.225799 0.250110 0.251409 0.239363 0.214034 0.285130 0.191703 0.209612 0.227809 0.277130 0.227165 0.302198 0.241164 0.215587 0.286939 0.253230 0.266815
0.263726 0.270910 0.189025 0.190485 0.253502 0.303247 0.301952 0.233053 0.222728 0.216257 0.213375 0.257201 0.210665 0.282566 0.247413 0.288411 0.233398 0.236735 0.257961 0.306516 0.258321 0.263710 0.303375 0.287788 0.202727 0.277426 0.338026 0.263160 0.277429 0.273692 0.176545 0.257811 0.221932 0.217801 0.349742 0.294087 0.242308 0.309121 0.206206 0.223587 0.316104 0.251972 0.296225 0.275045 0.281663 0.323755 0.297557 0.272542 0.348318 0.337547 0.289305 0.335341 0.380026 0.254378 0.313755 0.233435 0.368465 0.359694 0.287278 0.250198 0.307292 0.279437 0.395076 0.377586 0.306629 0.337425 0.270707 0.339587 0.319673 0.347005 0.314166 0.328772 0.271927 0.296087 0.289987 0.361317 0.400024 0.302550 0.315690 0.259029 0.299152 0.284791 0.287350 0.196950 0.328165 0.320489 0.328635 0.228198 0.189055 0.251149 0.290901 0.245264 0.277177 0.310314 0.276920 0.293783 0.269285 0.227198 0.254528 0.237233 0.236417 0.276667 0.294375 0.258784 0.262930 0.190674 0.261223 0.256708 0.253305 0.265844 0.297898 0.205265 0.243372 0.246871 0.335652 0.245503 0.222718 0.316593 0.300304 0.191420 0.256927 0.311627 0.202672 0.240473 0.200335 0.241398 0.196286 0.185800
